-- phpMyAdmin SQL Dump
-- version 5.2.1
-- https://www.phpmyadmin.net/
--
-- Servidor: 127.0.0.1
-- Tiempo de generación: 17-10-2024 a las 07:49:47
-- Versión del servidor: 10.4.28-MariaDB
-- Versión de PHP: 8.1.17

SET SQL_MODE = "NO_AUTO_VALUE_ON_ZERO";
START TRANSACTION;
SET time_zone = "+00:00";


/*!40101 SET @OLD_CHARACTER_SET_CLIENT=@@CHARACTER_SET_CLIENT */;
/*!40101 SET @OLD_CHARACTER_SET_RESULTS=@@CHARACTER_SET_RESULTS */;
/*!40101 SET @OLD_COLLATION_CONNECTION=@@COLLATION_CONNECTION */;
/*!40101 SET NAMES utf8mb4 */;

--
-- Base de datos: `bundesliga`
--

-- --------------------------------------------------------

--
-- Estructura de tabla para la tabla `ciudad`
--

CREATE TABLE `ciudad` (
  `id` int(11) NOT NULL,
  `Nombre` varchar(30) DEFAULT NULL
) ENGINE=InnoDB DEFAULT CHARSET=utf8mb4 COLLATE=utf8mb4_general_ci;

--
-- Volcado de datos para la tabla `ciudad`
--

INSERT INTO `ciudad` (`id`, `Nombre`) VALUES
(1, 'Dortmund'),
(2, 'München'),
(3, 'Darmstadt'),
(4, 'Gelsenkirchen'),
(5, 'Heidenheim an der Brenz'),
(6, 'Mönchengladbach'),
(7, 'Frankfurt'),
(8, 'Köln'),
(9, 'Leipzig'),
(10, 'Bremen'),
(11, 'Mainz'),
(12, 'Augsburg'),
(13, 'Leverkusen'),
(14, 'Sinsheim'),
(15, 'Wolfsburg'),
(16, 'Stuttgart'),
(17, 'Freiburg'),
(18, 'Berlín'),
(19, 'Gelsenkirchen'),
(20, 'Núremberg'),
(21, 'Kaiserslautern'),
(22, 'Hamburgo');

-- --------------------------------------------------------

--
-- Estructura de tabla para la tabla `equipos`
--

CREATE TABLE `equipos` (
  `id` int(11) NOT NULL,
  `Nombre` varchar(50) DEFAULT NULL,
  `Fundacion` date DEFAULT NULL,
  `Ciudad` int(5) DEFAULT NULL,
  `Estadio` int(5) DEFAULT NULL
) ENGINE=InnoDB DEFAULT CHARSET=utf8mb4 COLLATE=utf8mb4_general_ci;

--
-- Volcado de datos para la tabla `equipos`
--

INSERT INTO `equipos` (`id`, `Nombre`, `Fundacion`, `Ciudad`, `Estadio`) VALUES
(1, 'FC Augsburg', '1907-08-08', 12, 12),
(2, 'Union Berlin', '1966-01-20', 18, 18),
(3, 'VfL Bochum', '1938-01-01', 4, 4),
(4, 'Werder Bremen', '1899-02-04', 10, 10),
(5, 'Darmstadt', '1898-05-22', 3, 3),
(6, 'Dortmund', '1909-12-19', 1, 1),
(7, 'Frankfurt', '1899-03-08', 7, 7),
(8, 'Freiburg', '1904-05-30', 17, 17),
(9, 'Heidenheim 1846', '1846-08-14', 5, 5),
(10, 'Hoffenheim', '1899-07-01', 14, 14),
(11, 'Köln', '1948-02-13', 8, 8),
(12, 'Leipzig', '2009-05-19', 9, 9),
(13, 'Leverkusen', '1904-07-01', 13, 13),
(14, 'Mainz', '1905-03-16', 11, 11),
(15, 'Mönchengladbach', '1900-08-01', 6, 6),
(16, 'Bayern Munich', '1900-02-27', 2, 2),
(17, 'Stuttgart', '1893-09-09', 16, 16),
(18, 'Wolfsburg', '1945-09-12', 15, 15),
(19, 'Schalke 04', '1904-05-04', 19, 19),
(20, 'Núremberg', '1900-01-01', 20, 20),
(21, 'Kaiserslautern', '1900-06-02', 21, 21),
(22, 'Eintracht Fráncfort', '1899-03-08', 7, 7),
(23, '1860 Múnich', '1860-05-17', 2, 22),
(24, 'Hertha Berlín', '1892-07-25', 18, 23),
(25, 'Hamburgo S.V.', '1887-09-29', 22, 24);

-- --------------------------------------------------------

--
-- Estructura de tabla para la tabla `equipo_patrocinador`
--

CREATE TABLE `equipo_patrocinador` (
  `Id` int(11) NOT NULL,
  `Id_equipo` int(11) DEFAULT NULL,
  `Id_patrocinadores` int(11) DEFAULT NULL
) ENGINE=InnoDB DEFAULT CHARSET=utf8mb4 COLLATE=utf8mb4_general_ci;

--
-- Volcado de datos para la tabla `equipo_patrocinador`
--

INSERT INTO `equipo_patrocinador` (`Id`, `Id_equipo`, `Id_patrocinadores`) VALUES
(1, 16, 8),
(2, 6, 9),
(3, 12, 6),
(4, 2, 10),
(5, 8, 11),
(6, 13, 12),
(7, 3, 14),
(8, 4, 15),
(9, 5, 16),
(10, 9, 17),
(11, 11, 18),
(12, 14, 19),
(13, 17, 20),
(14, 18, 21),
(15, 12, 22),
(16, 21, 23),
(17, 21, 24),
(18, 21, 25),
(19, 21, 26),
(20, 21, 27),
(21, 22, 28),
(22, 22, 29),
(23, 25, 30),
(24, 25, 31);

-- --------------------------------------------------------

--
-- Estructura de tabla para la tabla `estadios`
--

CREATE TABLE `estadios` (
  `Id` int(11) NOT NULL,
  `Nombre` varchar(30) DEFAULT NULL,
  `ciudad` varchar(30) DEFAULT NULL,
  `Capacidad` varchar(30) DEFAULT NULL,
  `Arquitecto` varchar(30) DEFAULT NULL
) ENGINE=InnoDB DEFAULT CHARSET=utf8mb4 COLLATE=utf8mb4_general_ci;

--
-- Volcado de datos para la tabla `estadios`
--

INSERT INTO `estadios` (`Id`, `Nombre`, `ciudad`, `Capacidad`, `Arquitecto`) VALUES
(1, 'Signal Iduna Park', '1', '81365', 'Architekten Schröder Schulte-L'),
(2, 'Allianz Arena', '2', '75000', 'Herzog & de Meuron'),
(3, 'Stadion am Böllenfalltor', '3', '16500', 'Werner March'),
(4, 'Vonovia Ruhrstadion', '4', '27,599.', 'Hentrich-Petschnigg & Partner '),
(5, 'Voith-arena', '5', '15000', 'JSK'),
(6, 'Borussia-Park', '6', '54014', 'HPP Architekten'),
(7, 'Deutsche Bank Park', '7', '51500', 'Gerkan, Marg and Partners'),
(8, 'RheinEnergieStadion', '8', '50000', 'Gerkan, Marg and Partners'),
(9, 'Red Bull Arena', '9', '42959', 'Schulitz Architekten'),
(10, 'Wohninvest Weserstadion', '10', '42100', 'Weserstadion GmbH & Co. KG'),
(11, 'Mewa Arena', '11', '34034', 'Planungsgemeinschaft Mainz'),
(12, 'WWK Arena', '12', '30660', 'Christoph Hesse Architects'),
(13, 'BayArena', '13', '30210', 'Hentrich-Petschnigg & Partner '),
(14, 'PreZero Arena', '14', '30164', 'Dietrich, Untertrifaller Archi'),
(15, 'Volkswagen Arena', '15', '30000', 'Hentrich-Petschnigg & Partner '),
(16, 'MHPArena', '16', '60.441', 'Paul Bonatz'),
(17, 'Europa-Park Stadion', '17', ' 34700', 'HPP Architekten'),
(18, 'An der Alten Försterei Berlin', '18', '22012', 'GTM GmbH'),
(19, 'Veltins Arena', '19', '62000', 'Hentrich, Petschnigg und Partn'),
(20, 'Max-Morlock-Stadion', '20', '50000', 'Otto Ernst Schweizer1'),
(21, 'Fritz-Walter-Stadion', '21', '49780', 'Folker Fiebiger'),
(22, 'Grünwalder Stadion', '2', '12500', 'TSV 1860'),
(23, 'Estadio Olímpico de Berlín', '18', '74475', 'Werner March'),
(24, 'Volksparkstadion', '22', '57000', 'HSV Fußball AG');

-- --------------------------------------------------------

--
-- Estructura de tabla para la tabla `estadio_patrocinador`
--

CREATE TABLE `estadio_patrocinador` (
  `Id` int(11) NOT NULL,
  `Id_estadio` int(11) DEFAULT NULL,
  `Id_patrocinador` int(11) DEFAULT NULL
) ENGINE=InnoDB DEFAULT CHARSET=utf8mb4 COLLATE=utf8mb4_general_ci;

--
-- Volcado de datos para la tabla `estadio_patrocinador`
--

INSERT INTO `estadio_patrocinador` (`Id`, `Id_estadio`, `Id_patrocinador`) VALUES
(1, 1, 1),
(2, 2, 2),
(3, 3, 3),
(4, 7, 4),
(5, 8, 5),
(6, 9, 6),
(7, 10, 7),
(8, 11, 32),
(9, 12, 13),
(10, 13, 12),
(11, 15, 21),
(12, 16, 33),
(13, 19, 34);

-- --------------------------------------------------------

--
-- Estructura de tabla para la tabla `jugadores`
--

CREATE TABLE `jugadores` (
  `Id` int(11) NOT NULL,
  `Nombre` varchar(50) DEFAULT NULL,
  `Nacionalidad` int(20) DEFAULT NULL,
  `Peso` int(2) DEFAULT NULL,
  `Estatura` decimal(3,2) DEFAULT NULL,
  `equipo` int(2) DEFAULT NULL,
  `Fecha_de_nacimiento` date DEFAULT NULL,
  `Fecha_de_debut` date DEFAULT NULL,
  `Tipo` varchar(30) DEFAULT NULL
) ENGINE=InnoDB DEFAULT CHARSET=utf8mb4 COLLATE=utf8mb4_general_ci;

--
-- Volcado de datos para la tabla `jugadores`
--

INSERT INTO `jugadores` (`Id`, `Nombre`, `Nacionalidad`, `Peso`, `Estatura`, `equipo`, `Fecha_de_nacimiento`, `Fecha_de_debut`, `Tipo`) VALUES
(1, 'Jess Thorup', 8, 68, 1.90, 1, '1970-02-21', '1991-01-01', 'Director tecnico'),
(2, 'Finn dahmen', 4, 80, 1.86, 1, '1998-03-27', '2021-01-03', 'Jugador'),
(3, 'Marcel Lubik', 10, 85, 1.88, 1, '2004-05-19', '2023-07-01', 'Jugador'),
(4, 'Tomas Koubek', 1, 98, 1.97, 1, '1992-08-26', '2011-04-30', 'Jugador'),
(5, 'Robert Gumny', 10, 71, 1.82, 1, '1970-02-21', '2016-10-26', 'Jugador'),
(6, 'Mads Pedersen', 8, 72, 1.74, 1, '1996-09-01', '2019-08-17', 'Jugador'),
(7, 'Reece Oxford', 9, 86, 1.93, 1, '1998-12-16', '2015-07-02', 'Jugador'),
(8, 'Patric Pfeiffer', 4, 91, 1.96, 1, '1999-08-20', '2023-07-01', 'Jugador'),
(9, 'Jeffrey Gouweleeuw', 13, 83, 1.88, 1, '1991-07-10', '2016-02-14', 'Jugador'),
(10, 'Ohix Felix Uduokhai', 4, 89, 1.93, 1, '1997-09-09', '2016-09-02', 'Jugador'),
(11, 'Lago Amaral', 15, 67, 1.81, 1, '1997-03-23', '2017-01-01', 'Jugador'),
(12, 'Maximilian Bauer', 4, 84, 1.89, 1, '2000-02-09', '2021-09-02', 'Jugador'),
(13, 'Frederik Franck Winther', 8, 83, 1.90, 1, '2001-01-04', '2019-03-20', 'Jugador'),
(14, 'Raphael Framberger', 4, 76, 1.79, 1, '1995-09-06', '2014-01-01', 'Jugador'),
(15, 'David Čolina', 17, 66, 1.74, 1, '2000-07-19', '2019-07-28', 'Jugador'),
(16, 'Japhet Manzambi Tanganga', 9, 73, 1.84, 1, '1999-03-31', '2019-01-01', 'Jugador'),
(17, 'Aaron Zehnter', 4, 70, 1.80, 1, '2004-10-31', '2023-02-03', 'Jugador'),
(18, 'Melingo Kevin Mbabu', 3, 83, 1.84, 1, '1995-04-19', '2012-09-26', 'Jugador'),
(19, 'Elvis Rexhbecaj', 4, 78, 1.82, 1, '1997-11-01', '2018-01-28', 'Jugador'),
(20, 'Arne Carl Maier', 4, 84, 1.87, 1, '1999-08-01', '2017-05-13', 'Jugador'),
(21, 'Masaya Okugawa', 7, 68, 1.77, 1, '1996-04-14', '2015-01-01', 'Jugador'),
(22, 'Ruben Estephan Vargas Martinez', 3, 70, 1.77, 1, '1998-08-05', '2019-09-08', 'Jugador'),
(23, 'Tim Breithaupt', 4, 70, 1.86, 1, '2002-07-02', '2021-01-02', 'Jugador'),
(24, 'Frans Fredrik Jensen', 5, 78, 1.83, 1, '1997-09-09', '2016-01-01', 'Jugador'),
(25, 'Arne Engels', 21, 78, 1.85, 1, '2003-09-08', '2020-08-22', 'Jugador'),
(26, 'Niklas Bernd Dorsch', 4, 76, 1.75, 1, '1998-01-15', '2015-01-01', 'Jugador'),
(27, 'Mert Kömür', 4, 77, 1.83, 1, '2005-07-17', '2023-07-01', 'Jugador'),
(28, 'Dion Drena Beljo', 17, 84, 1.95, 1, '2002-03-01', '2018-01-01', 'Jugador'),
(29, 'Ermedin Demirovic', 23, 84, 1.85, 1, '1998-03-25', '2016-01-01', 'Jugador'),
(30, 'Sven Michel', 4, 78, 1.77, 1, '1990-07-15', '2023-07-01', 'Jugador'),
(31, 'Phillip Tietz', 4, 86, 1.90, 1, '1997-07-09', '2015-01-01', 'Jugador'),
(32, 'Nathanael Mbuku', 6, 68, 1.70, 1, '2002-03-16', '2019-08-10', 'Jugador'),
(33, 'Irvin Charly Jose Cardona', 6, 75, 1.85, 1, '1997-08-08', '2017-02-02', 'Jugador'),
(34, 'Nenad Bjelica', 17, 77, 1.81, 2, '1971-08-20', '2007-09-15', 'Director tecnico'),
(35, 'Frederick Riis Rønnow', 8, 81, 1.88, 2, '1992-08-04', '2016-08-31', 'Jugador'),
(36, 'Jacob Busk Jensen', 8, 87, 1.89, 2, '1993-09-12', '2013-05-16', 'Jugador'),
(37, 'Alexander Schwolow', 4, 84, 1.90, 2, '1992-06-02', '2010-01-01', 'Jugador'),
(38, 'Yannic Stein', 4, 90, 1.90, 2, '2004-09-17', '2023-05-10', 'Jugador'),
(39, 'Paul Jaeckel', 8, 83, 1.86, 2, '1998-07-22', '2017-01-01', 'Jugador'),
(40, 'Diogo Filipe Leite', 25, 82, 1.90, 2, '1999-01-23', '2017-01-01', 'Jugador'),
(41, 'Danilho Raimundo Doekhi', 13, 86, 1.90, 2, '1998-06-30', '2016-03-06', 'Jugador'),
(42, 'Robin Everardus Gosens', 4, 76, 1.83, 2, '1994-07-05', '2014-01-01', 'Jugador'),
(43, 'Josip Juranovic', 17, 68, 1.73, 2, '1995-08-16', '2012-01-01', 'Jugador'),
(44, 'Leonardo Bonucci', 16, 86, 1.90, 2, '1987-05-01', '2005-01-01', 'Jugador'),
(45, 'Jérome Roussillon', 6, 82, 1.72, 2, '1993-06-01', '2012-05-02', 'Jugador'),
(46, 'Christopher Trimmel', 27, 86, 1.89, 2, '1987-02-24', '2006-01-01', 'Jugador'),
(47, 'Robin Knoche', 4, 84, 1.89, 2, '1992-05-22', '2010-01-01', 'Jugador'),
(48, 'Oluwaseun God Power Osaro Ogbemudia', 14, 80, 1.85, 2, '2006-07-18', '2023-07-01', 'Jugador'),
(49, 'Brenden Rusell Aaronson', 28, 68, 1.77, 2, '2000-10-22', '2017-01-01', 'Jugador'),
(50, 'Rani Khedira', 4, 86, 1.89, 2, '1994-01-27', '2012-01-28', 'Jugador'),
(51, 'Andras Schafer', 30, 72, 1.78, 2, '1999-04-13', '2016-01-01', 'Jugador'),
(52, 'Janik Haberer', 4, 79, 1.86, 2, '1994-04-02', '2011-01-01', 'Jugador'),
(53, 'Aissa Bilal Laidouni', 29, 75, 1.81, 2, '1996-12-03', '2021-03-25', 'Jugador'),
(54, 'Lucas Simon Pierre Tousart', 6, 83, 1.85, 2, '1997-04-29', '2015-03-26', 'Jugador'),
(55, 'Alex Kral', 1, 80, 1.87, 2, '1998-05-19', '2017-05-07', 'Jugador'),
(56, 'Aljoscha Kemlein', 4, 78, 1.85, 2, '2004-08-02', '2023-08-20', 'Jugador'),
(57, 'laurenz Dehl', 4, 72, 1.80, 2, '2001-12-12', '2021-08-26', 'Jugador'),
(58, 'Mikkel Kaufmann Sorensen', 8, 81, 1.90, 2, '2001-01-03', '2018-08-06', 'Jugador'),
(59, 'Kevin Volland', 4, 83, 1.79, 2, '1992-07-30', '2014-05-13', 'Jugador'),
(60, 'David Datro Fofana', 31, 76, 1.81, 2, '2002-12-22', '2019-09-22', 'Jugador'),
(61, 'Benedeict Hollerbach', 4, 81, 1.81, 2, '2001-05-17', '2023-09-03', 'Jugador'),
(62, 'Kevin Behrens', 4, 85, 1.85, 2, '1991-02-03', '2023-10-12', 'Jugador'),
(63, 'Sheraldo Becker', 26, 77, 1.80, 2, '1995-02-09', '2011-09-16', 'Jugador'),
(64, 'Thomas Letsch', 4, 80, 1.90, 3, '1968-08-26', '1997-01-01', 'Director tecnico'),
(65, 'Manuel Riemann-Lorenzo', 4, 83, 1.86, 3, '1988-09-09', '2007-01-01', 'Jugador'),
(66, 'Michael Esser', 4, 93, 1.98, 3, '1987-11-22', '2005-01-01', 'Jugador'),
(67, 'Niclas Thiede', 4, 81, 1.91, 3, '1999-04-14', '2019-10-19', 'Jugador'),
(68, 'Cristian Esteban Gamboa Luna', 32, 67, 1.75, 3, '1989-10-24', '2010-01-27', 'Jugador'),
(69, 'Danilo Teodoro Soares ', 15, 73, 1.70, 3, '1991-10-29', '2017-07-01', 'Jugador'),
(70, 'Erhan Masovic', 33, 82, 1.89, 3, '1998-11-22', '2015-01-01', 'Jugador'),
(71, 'Bernardo Fernandes', 15, 77, 1.86, 3, '1995-05-14', '2012-01-01', 'Jugador'),
(72, 'Tim Oermann', 4, 76, 1.89, 3, '2003-10-06', '2022-09-18', 'Jugador'),
(73, 'Jordi Martin Emmanuel', 9, 70, 1.76, 3, '1998-10-02', '2019-07-28', 'Jugador'),
(74, 'Ivan Ordets', 34, 88, 1.94, 3, '1992-08-07', '2014-05-22', 'Jugador'),
(75, 'Mohammed Tolba', 4, 76, 1.85, 3, '2004-07-19', '2022-01-01', 'Jugador'),
(76, 'Moritz Romling', 4, 76, 1.86, 3, '2001-04-30', '2019-02-23', 'Jugador'),
(77, 'Keven Schlotterbeck', 4, 85, 1.89, 3, '1997-04-28', '2019-02-03', 'Jugador'),
(78, 'Maximilian Wittek', 4, 70, 1.73, 3, '1995-08-21', '2014-08-10', 'Jugador'),
(79, 'Noah Loosli', 3, 75, 1.86, 3, '1997-01-23', '2015-11-21', 'Jugador'),
(80, 'Patrick Osterhage', 4, 80, 1.86, 3, '2000-02-01', '2021-10-02', 'Jugador'),
(81, 'Kevin Stoger', 27, 74, 1.75, 3, '1993-08-27', '2011-01-22', 'Jugador'),
(82, 'Anthony Losilla', 6, 78, 1.85, 3, '1986-03-10', '2004-01-01', 'Jugador'),
(83, 'Phillip Forster', 4, 82, 1.88, 3, '1995-02-04', '2022-01-01', 'Jugador'),
(84, 'Lukas Stephan Horst Daschner', 4, 76, 1.82, 3, '1998-10-01', '2017-01-01', 'Jugador'),
(85, 'Felix Passlack', 4, 74, 1.70, 3, '1998-05-29', '2015-10-18', 'Jugador'),
(86, 'Matus Bero', 35, 81, 1.81, 3, '1995-09-06', '2013-07-21', 'Jugador'),
(87, 'Mats Henry Pannewig', 4, 92, 1.95, 3, '2004-10-28', '2023-07-01', 'Jugador'),
(88, 'Moritz-Broni Kwarteng', 4, 70, 1.75, 3, '1998-04-28', '2021-05-01', 'Jugador'),
(89, 'Goncalo Mendes Paciencia', 25, 81, 1.84, 3, '1994-08-01', '2017-11-14', 'Jugador'),
(90, 'Takuma Asano', 7, 71, 1.73, 3, '1994-11-10', '2013-01-01', 'Jugador'),
(91, 'Christopher Antwi-Adjei', 12, 72, 1.73, 3, '1994-02-07', '2019-11-18', 'Jugador'),
(92, 'Moritz Broschinski', 4, 80, 1.90, 3, '2000-09-23', '2020-01-01', 'Jugador'),
(93, 'Philipp Hofman', 4, 89, 1.95, 3, '1993-03-30', '2012-08-11', 'Jugador'),
(94, 'Ole Werner', 4, 70, 1.89, 4, '1988-05-04', '2007-01-01', 'Director tecnico'),
(95, 'Jiri Pavlenka', 1, 81, 1.96, 4, '1992-04-14', '2017-07-01', 'Jugador'),
(96, 'Michael Zetterer', 0, 79, 1.87, 4, '1995-07-12', '2015-01-27', 'Jugador'),
(97, 'Spyros Angelidis', 36, 83, 1.88, 4, '2005-01-28', '2021-01-01', 'Jugador'),
(98, 'Eduardo Dos Santos Haesler', 4, 89, 1.96, 4, '1999-02-10', '2017-01-01', 'Jugador'),
(99, 'Anthony Jung', 4, 83, 1.86, 4, '1991-11-03', '2021-07-01', 'Jugador'),
(100, 'Niklas Stark', 4, 88, 1.90, 4, '1995-04-14', '2022-07-01', 'Jugador'),
(101, 'Amos Pieper', 4, 86, 1.92, 4, '1998-01-17', '2022-07-01', 'Jugador'),
(102, 'Mitchell Weiser', 4, 70, 1.77, 4, '1994-04-21', '2022-07-15', 'Jugador'),
(103, 'Milos Veljkovic', 33, 83, 1.88, 4, '1995-09-26', '2016-02-01', 'Jugador'),
(104, 'Felix Agu', 4, 67, 1.80, 4, '1999-09-27', '2020-07-01', 'Jugador'),
(105, 'Marco Friedl', 27, 82, 1.87, 4, '1998-03-16', '2019-07-01', 'Jugador'),
(106, 'Christian Groß', 4, 75, 1.82, 4, '1989-02-08', '2020-08-01', 'Jugador'),
(107, 'Cimo Röcker', 4, 77, 1.82, 4, '1994-12-06', '2019-07-01', 'Jugador'),
(108, 'Olivier Deman', 21, 74, 1.81, 4, '2000-04-06', '2023-08-31', 'Jugador'),
(109, 'Jens Stage', 8, 81, 1.87, 4, '1996-11-08', '2022-07-01', 'Jugador'),
(110, 'Leonardo Bittencourt', 17, 63, 1.71, 4, '1993-12-19', '0000-00-00', 'Jugador'),
(111, 'Senne Lynen', 21, 80, 1.85, 4, '1999-02-19', '2023-08-08', 'Jugador'),
(112, 'Naby Keïta', 2, 64, 1.72, 4, '1995-02-10', '2023-07-01', 'Jugador'),
(113, 'Romano Schmid', 23, 69, 1.68, 4, '2000-01-27', '2019-01-03', 'Jugador'),
(114, 'Nicolai Rapp', 4, 81, 1.86, 4, '1996-12-13', '2021-07-01', 'Jugador'),
(115, 'Jakob Löpping', 4, 79, 1.80, 4, '2003-04-18', '2022-08-22', 'Jugador'),
(116, 'Leon Opitz', 4, 79, 1.83, 4, '2005-04-11', '2023-09-06', 'Jugador'),
(117, 'Marvin Ducksch', 4, 79, 1.88, 4, '1994-03-07', '2021-08-25', 'Jugador'),
(118, 'Dawid Kownacki', 10, 75, 1.86, 4, '1997-03-14', '2023-07-01', 'Jugador'),
(119, 'Justin Njinmah', 4, 77, 1.85, 4, '2000-11-15', '2022-01-05', 'Jugador'),
(120, 'Rafael Borré', 28, 70, 1.74, 4, '1995-09-15', '2023-09-01', 'Jugador'),
(121, 'Kein Sato', 7, 83, 1.78, 4, '2001-07-11', NULL, 'Jugador'),
(122, 'Nick Woltemade', 4, 75, 1.98, 4, '2002-02-14', '2020-07-01', 'Jugador'),
(123, 'Torsten Frings', 4, 80, 1.82, 5, '1976-11-22', '1994-01-01', 'Director tecnico'),
(124, 'Marcel Schuhen', 4, 85, 1.88, 5, '1993-01-13', '2019-07-01', 'Jugador'),
(125, 'Morten Behrens', 4, 93, 1.93, 5, '1997-04-01', '2021-07-01', 'Jugador'),
(126, 'Alexander Brunst', 4, 90, 1.95, 5, '1995-07-07', '2022-07-01', 'Jugador'),
(127, 'Thomas Isherwood', 23, 85, 1.95, 5, '1998-01-28', '2021-01-03', 'Jugador'),
(128, 'Christoph Zimmermann', 20, 89, 1.94, 5, '1993-01-12', '2022-07-20', 'Jugador'),
(129, 'Matej Maglica', 38, 95, 1.98, 5, '1998-09-25', '2023-07-02', 'Jugador'),
(130, 'Christoph Klarer', 2, 82, 1.91, 5, '2000-06-14', '2023-07-18', 'Jugador'),
(131, 'Emir Karic', 1, 76, 1.84, 5, '1997-06-09', '2021-07-01', 'Jugador'),
(132, 'Jannik Müller', 4, 80, 1.87, 5, '1994-01-18', '2021-07-01', 'Jugador'),
(133, 'Matthias Bader', 4, 72, 1.76, 5, '1997-06-17', '2020-01-31', 'Jugador'),
(134, 'Fabian Holland', 4, 78, 1.72, 5, '1990-07-11', '2015-07-05', 'Jugador'),
(135, 'Clemens Riedel', 4, 83, 1.86, 5, '2003-07-19', '2021-07-01', 'Jugador'),
(136, 'Marvin Mehlem', 4, 70, 1.74, 5, '1997-09-11', '2017-07-01', 'Jugador'),
(137, 'Braydon Manu', 12, 72, 1.70, 5, '1997-03-28', '2019-07-01', 'Jugador'),
(138, 'Fabian Schnellhardt', 4, 78, 1.80, 5, '1994-01-12', '2019-07-01', 'Jugador'),
(139, 'Tobias Kempe', 4, 75, 1.84, 5, '1989-06-27', '2017-07-07', 'Jugador'),
(140, 'Fabian Nürnberger', 28, 76, 1.81, 5, '1999-07-28', '2023-07-01', 'Jugador'),
(141, 'Andreas Müller', 23, 70, 1.73, 5, '2000-07-20', '2023-07-01', 'Jugador'),
(142, 'Mathias Honsak', 3, 80, 1.88, 5, '1996-12-20', '2019-07-05', 'Jugador'),
(143, 'Klaus Gjasula', 15, 85, 1.90, 5, '1989-12-14', '2021-08-11', 'Jugador'),
(144, 'Tim Skarke', 4, 79, 1.81, 5, '1996-09-07', '2023-08-31', 'Jugador'),
(145, 'Bartol Franjić', 16, 77, 1.88, 5, '2000-01-14', '2023-08-18', 'Jugador'),
(146, 'Fraser Hornby', 25, 88, 1.95, 5, '1999-09-13', '2023-07-05', 'Jugador'),
(147, 'Aaron Seydel', 4, 91, 1.99, 5, '1996-02-07', '2020-08-06', 'Jugador'),
(148, 'Luca Pfeiffer', 4, 94, 1.96, 5, '1996-08-20', '2023-08-17', 'Jugador'),
(149, 'Oscar Vilhelmsson', 26, 78, 1.88, 5, '2003-10-02', '2022-07-12', 'Jugador'),
(150, 'Fabio Torsiello', 4, 63, 1.77, 5, '2005-02-02', '2022-12-06', 'Jugador'),
(151, 'Edin Terzic', 4, 85, 1.84, 6, '1982-10-30', '2007-09-15', 'Director tecnico'),
(152, 'Gregor Kobel', 3, 89, 1.96, 6, '1997-12-06', '2021-07-01', 'Jugador'),
(153, 'Silas Ostrzinski', 4, 93, 1.98, 6, '2003-11-19', '2022-07-01', 'Jugador'),
(154, 'Alexander Meyer', 4, 91, 1.95, 6, '1991-04-13', '2022-07-01', 'Jugador'),
(155, 'Marcel Lotka', 4, 90, 1.90, 6, '2001-05-25', '2022-07-01', 'Jugador'),
(156, 'Mateu Morey', 16, 73, 1.73, 6, '2000-03-02', '2019-07-01', 'Jugador'),
(157, 'Nico Schlotterbeck', 4, 91, 1.91, 6, '1999-12-01', '2022-07-01', 'Jugador'),
(158, 'Ramy Bensebaini', 26, 87, 1.87, 6, '1995-04-16', '2023-07-01', 'Jugador'),
(159, 'Mats Hummels', 4, 88, 1.91, 6, '1988-12-16', '2019-07-01', 'Jugador'),
(160, 'Thomas Meunier', 21, 91, 1.91, 6, '1991-09-12', '2020-07-01', 'Jugador'),
(161, 'Niklas Süle', 4, 95, 1.95, 6, '1995-09-03', '2022-07-18', 'Jugador'),
(162, 'Julian Ryerson', 2, 83, 1.83, 6, '1997-11-17', '2023-01-17', 'Jugador'),
(163, 'Hendry Blank', 4, 89, 1.89, 6, '2004-08-21', '2003-08-20', 'Jugador'),
(164, 'Guille Bueno', 37, 72, 1.76, 6, '2002-09-18', '2023-01-17', 'Jugador'),
(165, 'Antonios Papadopoulos', 5, 86, 1.86, 6, '1999-09-10', '2021-07-01', 'Jugador'),
(166, 'Salih Özcan', 28, 83, 1.83, 6, '1998-01-11', '2022-07-01', 'Jugador'),
(167, 'Giovanni Reyna', 28, 85, 1.85, 6, '2002-11-13', '2020-01-12', 'Jugador'),
(168, 'Felix Nmecha', 9, 90, 1.90, 6, '2000-10-10', '2023-07-03', 'Jugador'),
(169, 'Marco Reus', 4, 80, 1.80, 6, '1989-05-31', '2012-07-01', 'Jugador'),
(170, 'Marius Wolf', 4, 87, 1.87, 6, '1995-05-27', '2018-07-02', 'Jugador'),
(171, 'Julian Brandt', 4, 85, 1.85, 6, '1996-05-02', '2019-07-01', 'Jugador'),
(172, 'Marcel Sabitzer', 27, 77, 1.77, 6, '1994-03-17', '2023-07-24', 'Jugador'),
(173, 'Emre Can', 4, 86, 1.86, 6, '1994-01-12', '2020-07-01', 'Jugador'),
(174, 'Ole Pohlmann', 4, 83, 1.83, 6, '2001-04-05', '2023-07-01', 'Jugador'),
(175, 'Abdoulaye Kamara', 38, 85, 1.85, 6, '2004-11-06', '2020-08-05', 'Jugador'),
(176, 'Jamie Bynoe-Gittens', 9, 77, 1.77, 6, '2004-08-08', '2022-07-01', 'Jugador'),
(177, 'Samuel Mamba', 4, 70, 1.79, 6, '2004-02-13', '2022-09-15', 'Jugador'),
(178, 'Sébastien Haller', 37, 91, 1.91, 6, '1994-06-22', '2022-07-06', 'Jugador'),
(179, 'Niclas Füllkrug', 4, 89, 1.89, 6, '1993-02-09', '2023-08-31', 'Jugador'),
(180, 'Julien Duranville', 21, 70, 1.70, 6, '2006-05-05', '2023-01-27', 'Jugador'),
(181, 'Youssoufa Moukoko', 4, 79, 1.79, 6, '2004-11-20', '2020-07-29', 'Jugador'),
(182, 'Donyell Malen', 2, 76, 1.76, 6, '1999-01-19', '2021-07-27', 'Jugador'),
(183, 'Karim Adeyemi', 2, 80, 1.80, 6, '2002-01-18', '2022-07-01', 'Jugador'),
(184, 'Paris Brunner', 25, 86, 1.86, 6, '2006-02-15', '2023-01-01', 'Jugador'),
(185, 'Dino Toppmöller', 4, 76, 1.90, 7, '1980-11-23', '2013-01-01', 'Director tecnico'),
(186, 'Kevin Trapp', 4, 89, 1.89, 7, '1990-07-08', '2019-08-07', 'Jugador'),
(187, 'Jens Grahl', 4, 92, 1.92, 7, '1988-09-22', '2021-07-19', 'Jugador'),
(188, 'Nils Ramming', 30, 86, 1.86, 7, '2007-03-28', '2018-01-01', 'Jugador'),
(189, 'Kauã Santos', 15, 96, 1.96, 7, '2003-04-11', '2023-08-29', 'Jugador'),
(190, 'Simon Simoni', 38, 94, 1.94, 7, '2004-07-14', '2023-01-01', 'Jugador'),
(191, 'Luke Gauer', 4, 84, 1.84, 7, '2005-05-28', '2023-07-01', 'Jugador'),
(192, 'Willian Pacho', 15, 87, 1.87, 7, '2001-10-16', '2023-07-01', 'Jugador'),
(193, 'Robin Koch', 4, 91, 1.91, 7, '1996-07-17', '2023-07-06', 'Jugador'),
(194, 'Hrvoje Smolčić', 17, 85, 1.85, 7, '2000-08-17', '2022-07-01', 'Jugador'),
(195, 'Makoto Hasebe', 7, 80, 1.80, 7, '1984-01-18', '2014-07-01', 'Jugador'),
(196, 'Aurélio Buta', 21, 72, 1.72, 7, '1997-02-10', '2022-07-01', 'Jugador'),
(197, 'Niels Nkounkou', 6, 80, 1.80, 7, '2000-11-01', '2023-09-01', 'Jugador'),
(198, 'Philipp Max', 24, 77, 1.77, 7, '1993-09-30', '2023-07-01', 'Jugador'),
(199, 'Nnamdi Collins', 4, 91, 1.91, 7, '2004-01-10', '2023-08-09', 'Jugador'),
(200, 'Tuta', 5, 85, 1.85, 7, '1999-07-04', '2019-01-31', 'Jugador'),
(201, 'Dario Gebuhr', 4, 88, 1.88, 7, '2003-05-06', '2023-07-01', 'Jugador'),
(202, 'Elias Baum', 15, 80, 1.80, 7, '2005-10-26', '2023-10-26', 'Jugador'),
(203, 'Kristijan Jakić', 34, 81, 1.81, 7, '1997-05-14', '2022-07-01', 'Jugador'),
(204, 'Farès Chaibi', 12, 83, 1.83, 7, '2002-11-28', '2023-08-30', 'Jugador'),
(205, 'Ellyes Skhiri', 29, 85, 1.85, 7, '1995-05-10', '2023-07-05', 'Jugador'),
(206, 'Hugo Larsson', 26, 87, 1.87, 7, '2004-06-27', '2023-07-01', 'Jugador'),
(207, 'Sebastian Rode', 37, 79, 1.79, 7, '1990-10-11', '2019-07-27', 'Jugador'),
(208, 'Timothy Chandler', 47, 86, 1.86, 7, '1990-03-29', '2014-07-01', 'Jugador'),
(209, 'Donny van de Beek', 16, 84, 1.84, 7, '1997-04-18', '2024-01-01', 'Jugador'),
(210, 'Éric Dina Ebimbe', 6, 84, 1.84, 7, '2000-11-21', '2023-07-01', 'Jugador'),
(211, 'Mario Götze', 37, 76, 1.76, 7, '1992-06-03', '2022-07-01', 'Jugador'),
(212, 'Marcel Wenig', 27, 88, 1.88, 7, '2004-05-04', '2022-07-01', 'Jugador'),
(213, 'Paxten Aaronson', 23, 75, 1.75, 7, '2003-08-26', '2023-01-01', 'Jugador'),
(214, 'Sidney Raebiger', 28, 76, 1.76, 7, '2005-04-17', '2023-09-01', 'Jugador'),
(215, 'Davis Bautista', 14, 84, 1.84, 7, '2005-02-16', '2023-07-01', 'Jugador'),
(216, 'Mehdi Loune', 24, 72, 1.72, 7, '2004-05-14', '2022-07-01', 'Jugador'),
(217, 'Harpreet Ghotra', 28, 80, 1.80, 7, '2003-01-17', '2023-07-09', 'Jugador'),
(218, 'Omar Marmoush', 18, 83, 1.83, 7, '1999-02-07', '2023-07-01', 'Jugador'),
(219, 'Jessic Ngankam', 48, 84, 1.84, 7, '2000-07-20', '2023-07-14', 'Jugador'),
(220, 'Lucas Alario', 16, 85, 1.85, 7, '1992-10-08', '2022-07-01', 'Jugador'),
(221, 'Jens Petter Hauge', 26, 84, 1.84, 7, '1999-10-12', '2022-07-01', 'Jugador'),
(222, 'Ansgar Knauff', 8, 80, 1.80, 7, '2002-01-10', '2023-07-01', 'Jugador'),
(223, 'Noel Futkeu', 18, 83, 1.83, 7, '2002-12-06', '2023-07-01', 'Jugador'),
(224, 'Nacho Ferri', 37, 92, 1.92, 7, '2004-10-05', '2022-10-05', 'Jugador'),
(225, 'Christian Streich', 4, 73, 1.80, 8, '1965-06-11', '1995-01-01', 'Director tecnico'),
(226, 'Noah Atubolu', 4, 90, 1.90, 8, '2002-05-25', '2021-07-01', 'Jugador'),
(227, 'Florian Müller', 4, 90, 1.90, 8, '1997-11-13', '2023-07-01', 'Jugador'),
(228, 'Benjamin Uphoff', 4, 92, 1.92, 8, '1993-08-08', '2011-01-01', 'Jugador'),
(229, 'Niklas Sauter', 4, 80, 1.80, 8, '2003-04-06', '2021-07-01', 'Jugador'),
(230, 'Jaaso Jantunen', 5, 84, 1.84, 8, '2005-01-31', '2023-08-20', 'Jugador'),
(231, 'Philipp Lienhart', 27, 89, 1.89, 8, '1996-07-11', '2013-01-01', 'Jugador'),
(232, 'Kenneth Schmidt', 4, 87, 1.87, 8, '2002-06-03', '2023-03-28', 'Jugador'),
(233, 'Manuel Gulde', 4, 84, 1.84, 8, '1991-02-12', '2009-01-01', 'Jugador'),
(234, 'Lukas Kübler', 4, 82, 1.82, 8, '1992-08-30', '2010-01-01', 'Jugador'),
(235, 'Kiliann Sildillia', 6, 86, 1.86, 8, '2002-05-16', '2023-06-30', 'Jugador'),
(236, 'Matthias Ginter', 4, 89, 1.89, 8, '1994-01-19', '2022-07-01', 'Jugador'),
(237, 'Christian Günter', 4, 84, 1.84, 8, '1993-02-28', '2014-05-13', 'Jugador'),
(238, 'Jordy Makengo', 6, 91, 1.91, 8, '2001-08-03', '2023-07-01', 'Jugador'),
(239, 'Max Rosenfelder', 4, 86, 1.86, 8, '2003-02-10', '2023-07-01', 'Jugador'),
(240, 'Noah Weißhaupt', 4, 81, 1.81, 8, '2001-09-20', '2021-09-12', 'Jugador'),
(241, 'Maximilian Eggestein', 4, 81, 1.81, 8, '1996-12-08', '2023-06-30', 'Jugador'),
(242, 'Daniel-Kofi Kyereh', 11, 79, 1.79, 8, '1996-03-08', '2022-09-23', 'Jugador'),
(243, 'Yannik Keitel', 4, 86, 1.86, 8, '2000-02-15', '2023-06-30', 'Jugador'),
(244, 'Roland Sallai', 20, 83, 1.83, 8, '1997-05-22', '2023-06-30', 'Jugador'),
(245, 'Nicolas Höfler', 4, 81, 1.81, 8, '1990-03-09', '2008-01-01', 'Jugador'),
(246, 'Vincenzo Grifo', 16, 80, 1.80, 8, '1993-04-07', '2018-11-20', 'Jugador'),
(247, 'Merlin Röhl', 4, 92, 1.92, 8, '2002-07-05', '2022-08-17', 'Jugador'),
(248, 'Fabian Rüdlin', 4, 80, 1.80, 8, '1997-01-13', '2023-07-01', 'Jugador'),
(249, 'Ritsu Dōan', 7, 72, 1.72, 8, '1998-06-16', '2018-09-11', 'Jugador'),
(250, 'Ryan Johansson', 2, 84, 1.84, 8, '0000-00-00', '2020-01-01', 'Jugador'),
(251, 'Mika Baur', 4, 85, 1.85, 8, '2004-07-09', '2022-07-01', 'Jugador'),
(252, 'Lucas Höler', 4, 84, 1.84, 8, '1994-07-10', '2013-01-01', 'Jugador'),
(253, 'Junior Adamu', 1, 83, 1.83, 8, '2001-06-06', '2021-02-15', 'Jugador'),
(254, 'Maximilian Philipp', 4, 83, 1.83, 8, '1994-03-01', '2023-06-30', 'Jugador'),
(255, 'Michael Gregoritsch', 27, 93, 1.93, 8, '1994-04-18', '2009-01-01', 'Jugador'),
(256, 'Maximilian Breunig', 4, 80, 1.80, 8, '2000-08-14', '2019-04-16', 'Jugador'),
(257, ' Frank Schmidt', 4, 80, 1.81, 9, '1971-08-20', '2007-09-15', 'Director tecnico'),
(258, 'Kevin Müller', 4, 90, 1.90, 9, '1991-03-15', '2015-07-01', 'Jugador'),
(259, 'Vitus Eicher', 4, 91, 1.91, 9, '1990-11-05', '2017-01-17', 'Jugador'),
(260, 'Paul Tschernuth', 27, 86, 1.86, 9, '2002-01-20', '2021-07-01', 'Jugador'),
(261, 'Frank Feller', 4, 83, 1.83, 9, '2004-01-07', '2023-07-01', 'Jugador'),
(262, 'Marnon Busch', 4, 82, 1.82, 9, '2004-10-28', '2023-07-01', 'Jugador'),
(263, 'Tim Siersleben', 4, 87, 1.87, 9, '2000-03-09', '2023-07-01', 'Jugador'),
(264, 'Patrick Mainka', 4, 94, 1.94, 9, '1994-11-06', '2018-07-01', 'Jugador'),
(265, 'Jonas Föhrenbach', 4, 84, 1.84, 9, '1996-01-26', '2019-07-01', 'Jugador'),
(266, 'Omar Traoré', 4, 87, 1.87, 9, '1998-02-04', '2023-07-01', 'Jugador'),
(267, 'Seedy Jarju', 18, 80, 1.80, 9, '2004-10-28', '2023-07-01', 'Jugador'),
(268, 'Norman Theuerkauf', 4, 83, 1.83, 9, '1987-01-24', '2015-07-01', 'Jugador'),
(269, 'Lennard Maloney', 28, 87, 1.87, 9, '1999-10-08', '2022-07-01', 'Jugador'),
(270, 'Jan Schöppner', 4, 90, 1.90, 9, '1999-06-12', '2020-08-05', 'Jugador'),
(271, 'Benedikt Gimber', 4, 87, 1.87, 9, '1997-02-19', '2023-07-01', 'Jugador'),
(272, 'Kevin Sessa', 4, 75, 1.75, 9, '2000-07-06', '2018-07-01', 'Jugador'),
(273, 'Florian Pick', 4, 76, 1.76, 9, '1995-09-08', '2020-09-01', 'Jugador'),
(274, 'Nikola Dovedan', 27, 72, 1.72, 9, '1994-07-06', '2023-07-01', 'Jugador'),
(275, 'Adrian Beck', 4, 86, 1.86, 9, '1997-06-09', '2022-07-01', 'Jugador'),
(276, 'Thomas Keller', 4, 86, 1.86, 9, '1999-08-05', '2022-07-01', 'Jugador'),
(277, 'Luka Janes', 4, 83, 1.83, 9, '2004-01-19', '2023-07-01', 'Jugador'),
(278, 'Jan-Niklas Beste', 4, 75, 1.75, 9, '1999-01-04', '2022-07-01', 'Jugador'),
(279, 'Eren Dinkçi', 22, 88, 1.88, 9, '2001-12-13', '2023-07-01', 'Jugador'),
(280, 'Stefan Schimmer', 4, 85, 1.85, 9, '1994-04-28', '2019-08-06', 'Jugador'),
(281, 'Tim Kleindienst', 4, 94, 1.94, 9, '1995-08-31', '2021-07-01', 'Jugador'),
(282, 'Denis Thomalla', 4, 86, 1.86, 9, '1992-08-16', '2016-07-01', 'Jugador'),
(283, 'Marvin Pieringer', 4, 91, 1.91, 9, '1999-10-04', '2023-07-03', 'Jugador'),
(284, 'Christian Kühlwetter', 4, 82, 1.82, 9, '1996-04-21', '2020-09-01', 'Jugador'),
(285, 'Elidon Qenaj', 19, 98, 1.98, 9, '2003-05-22', '2022-07-01', 'Jugador'),
(286, 'André Breitenreiter', 4, 78, 1.82, 10, '1973-10-02', '2011-01-01', 'Director tecnico'),
(287, 'Oliver Baumann', 4, 87, 1.87, 10, '1990-06-02', '2014-07-01', 'Jugador'),
(288, 'Nahuel Noll', 4, 91, 1.91, 10, '2003-03-17', '2021-07-01', 'Jugador'),
(289, 'Luca Philipp', 4, 92, 1.92, 10, '2000-11-28', '2020-07-31', 'Jugador'),
(290, 'Pavel Kadeřábek', 1, 82, 1.82, 10, '1992-04-25', '2015-07-01', 'Jugador'),
(291, 'Ozan Kabak', 10, 87, 1.87, 10, '2000-03-25', '2022-07-23', 'Jugador'),
(292, 'Kasim Adams', 13, 90, 1.90, 10, '1995-06-22', '2018-07-25', 'Jugador'),
(293, 'Kevin Vogt', 4, 94, 1.94, 10, '1991-09-23', '2016-07-01', 'Jugador'),
(294, 'John Anthony Brooks', 28, 94, 1.94, 10, '1993-01-28', '2023-01-26', 'Jugador'),
(295, 'Kevin Akpoguma', 14, 92, 1.92, 10, '1995-04-19', '2013-07-01', 'Jugador'),
(296, 'Stanley Nsoki', 6, 84, 1.84, 10, '1999-04-09', '2022-08-03', 'Jugador'),
(297, 'Attila Szalai', 11, 92, 1.92, 10, '1998-01-20', '2023-07-24', 'Jugador'),
(298, 'Joshua Quarshie', 30, 96, 1.96, 10, '2004-07-26', '2023-08-16', 'Jugador'),
(299, 'Grischa Prömel', 4, 84, 1.84, 10, '1995-09-01', '2022-07-01', 'Jugador'),
(300, 'Dennis Geiger', 4, 73, 1.73, 10, '1998-06-10', '2016-07-01', 'Jugador'),
(301, 'Florian Grillitsch', 3, 87, 1.87, 10, '1995-08-07', '2023-07-01', 'Jugador'),
(302, 'Anton Stach', 4, 94, 1.94, 10, '1998-11-15', '2023-09-01', 'Jugador'),
(303, 'Julian Justvan', 4, 77, 1.77, 10, '1998-04-02', '2023-07-01', 'Jugador'),
(304, 'Diadié Samassékou', 10, 77, 1.77, 10, '1996-01-11', '2019-08-15', 'Jugador'),
(305, 'Finn Becker', 4, 77, 1.77, 10, '2000-06-08', '2022-07-01', 'Jugador'),
(306, 'Marco John', 4, 84, 1.84, 10, '2002-04-02', '2020-07-01', 'Jugador'),
(307, 'Bambasé Conté', 4, 80, 1.80, 10, '2003-07-07', '2023-08-16', 'Jugador'),
(308, 'Tom Bischof', 4, 76, 1.76, 10, '2005-06-28', '2021-07-01', 'Jugador'),
(309, 'Umut Tohumcu', 4, 75, 1.75, 10, '2004-08-11', '2023-01-18', 'Jugador'),
(310, 'Mërgim Berisha', 4, 88, 1.88, 10, '1998-05-11', '2023-08-30', 'Jugador'),
(311, 'Ihlas Bebou', 9, 85, 1.85, 10, '1994-04-23', '2019-07-01', 'Jugador'),
(312, 'Wout Weghorst', 2, 97, 1.97, 10, '1992-08-07', '2023-08-09', 'Jugador'),
(313, 'Maximilian Beier', 4, 85, 1.85, 10, '2002-10-17', '2020-07-01', 'Jugador'),
(314, 'Marius Bülter', 4, 88, 1.88, 10, '1993-03-29', '2023-07-06', 'Jugador'),
(315, 'Andrej Kramarić', 10, 77, 1.77, 10, '1991-06-19', '2016-07-01', 'Jugador'),
(316, 'Robert Skov', 2, 85, 1.85, 10, '1996-05-20', '2019-07-29', 'Jugador'),
(317, 'André Pawlak', 4, 77, 1.81, 11, '1971-02-12', '2001-01-01', 'Director tecnico'),
(318, 'Marvin Schwäbe', 4, 90, 1.90, 11, '1995-04-25', '2021-07-01', 'Jugador'),
(319, 'Jonas Nickisch', 4, 90, 1.90, 11, '2004-05-21', '2023-07-01', 'Jugador'),
(320, 'Philipp Pentke', 4, 91, 1.91, 11, '1985-05-01', '2023-08-01', 'Jugador'),
(321, 'Matthias Köbbing', 4, 96, 1.96, 11, '1997-05-28', '2022-03-08', 'Jugador'),
(322, 'Benno Schmitz', 4, 82, 1.82, 11, '1994-11-17', '2018-07-01', 'Jugador'),
(323, 'Dominique Heintz', 4, 88, 1.88, 11, '1993-08-15', '2023-08-31', 'Jugador'),
(324, 'Timo Hübers', 4, 90, 1.90, 11, '1996-07-20', '2021-07-01', 'Jugador'),
(325, 'Luca Kilian', 4, 92, 1.92, 11, '1999-09-01', '2022-07-01', 'Jugador'),
(326, 'Leart Paqarada', 21, 84, 1.84, 11, '1994-10-08', '2023-07-01', 'Jugador'),
(327, 'Rasmus Carstensen', 8, 83, 1.83, 11, '2000-11-10', '2023-08-04', 'Jugador'),
(328, 'Jeff Chabot', 4, 95, 1.95, 11, '1998-02-12', '2023-07-01', 'Jugador'),
(329, 'Noah Katterbach', 4, 80, 1.80, 11, '2001-04-13', '2019-07-01', 'Jugador'),
(330, 'Max Finkgräfe', 4, 83, 1.83, 11, '2004-03-27', '2023-07-01', 'Jugador'),
(331, 'Elias Bakatukanda', 4, 93, 1.93, 11, '2004-04-13', '2023-07-01', 'Jugador'),
(332, 'Eric Martel', 4, 88, 1.88, 11, '2002-04-29', '2022-07-01', 'Jugador'),
(333, 'Dejan Ljubicic', 27, 87, 1.87, 11, '1997-10-08', '2021-07-01', 'Jugador'),
(334, 'Denis Huseinbašić', 23, 84, 1.84, 11, '2001-07-03', '2022-07-01', 'Jugador'),
(335, 'Florian Kainz', 27, 76, 1.76, 11, '1992-10-24', '2019-01-18', 'Jugador'),
(336, 'Jacob Christensen', 8, 80, 1.80, 11, '2001-06-25', '2023-07-01', 'Jugador'),
(337, 'Jan Thielmann', 4, 78, 1.78, 11, '2002-05-26', '2020-01-17', 'Jugador'),
(338, 'Linton Maina', 4, 80, 1.80, 11, '1999-06-23', '2022-07-01', 'Jugador'),
(339, 'Faride Alidou', 4, 86, 1.86, 11, '2001-07-18', '2023-08-21', 'Jugador'),
(340, 'Mathias Olesen', 14, 88, 1.88, 11, '2001-03-21', '2022-02-04', 'Jugador'),
(341, 'Luca Waldschmidt', 4, 81, 1.81, 11, '1996-05-19', '2023-07-01', 'Jugador'),
(342, 'Mark Uth', 4, 85, 1.85, 11, '1991-08-24', '2021-07-01', 'Jugador'),
(343, 'Steffen Tigges', 4, 94, 1.94, 11, '1998-07-31', '2022-07-01', 'Jugador'),
(344, 'Sargis Adamyan', 15, 84, 1.84, 11, '1993-05-23', '2022-07-05', 'Jugador'),
(345, 'Davie Selke', 4, 95, 1.95, 11, '1995-01-20', '2023-01-02', 'Jugador'),
(346, 'Florian Dietz', 4, 90, 1.90, 11, '1998-08-03', '2022-07-01', 'Jugador'),
(347, 'Damion Downs', 28, 92, 1.92, 11, '2004-07-06', '2021-10-15', 'Jugador'),
(348, 'Marco Rose', 4, 77, 1.87, 12, '1976-09-11', '2022-09-08', 'Director tecnico'),
(349, 'Péter Gulácsi', 30, 90, 1.90, 12, '1990-05-06', '2015-07-01', 'Jugador'),
(350, 'Janis Blaswich', 4, 93, 1.93, 12, '1991-05-02', '2022-07-01', 'Jugador'),
(351, 'Leopold Zingerle', 4, 85, 1.85, 12, '1994-04-10', '2023-07-01', 'Jugador'),
(352, 'Timo Schlieck', 4, 95, 1.95, 12, '2006-03-02', '0000-00-00', 'Jugador'),
(353, 'Mohamed Simakan', 6, 87, 1.87, 12, '2000-05-03', '2021-07-01', 'Jugador'),
(354, 'Christopher Lenz', 4, 80, 1.80, 12, '1994-09-22', '2023-08-30', 'Jugador'),
(355, 'Willi Orban', 9, 86, 1.86, 12, '1992-11-03', '2015-07-01', 'Jugador'),
(356, 'El Chadaille Bitshiabu', 18, 96, 1.96, 12, '2005-05-16', '2023-07-18', 'Jugador'),
(357, 'Lukas Klostermann', 4, 89, 1.89, 12, '1996-06-03', '2014-08-22', 'Jugador'),
(358, 'Castello Lukeba', 6, 84, 1.84, 12, '2002-12-17', '2023-08-11', 'Jugador'),
(359, 'Tim Köhler', 4, 91, 1.91, 12, '2005-05-02', '0000-00-00', 'Jugador'),
(360, 'Benjamin Henrichs', 23, 85, 1.85, 12, '1997-02-23', '2021-07-01', 'Jugador'),
(361, 'Eljif Elmas', 115, 82, 1.82, 12, '1999-09-24', '2024-01-01', 'Jugador'),
(362, 'Amadou Haidara', 20, 75, 1.75, 12, '1998-01-31', '2019-01-01', 'Jugador'),
(363, 'Nicolas Seiwald', 30, 79, 1.79, 12, '2001-05-04', '2023-07-01', 'Jugador'),
(364, 'Christoph Baumgartner', 20, 80, 1.80, 12, '1999-08-01', '2023-07-01', 'Jugador'),
(365, 'Xavi Simons', 2, 79, 1.79, 12, '2003-04-21', '2023-07-19', 'Jugador'),
(366, 'David Raum', 4, 80, 1.80, 12, '1998-04-22', '2022-07-31', 'Jugador'),
(367, 'Xaver Schlager', 30, 74, 1.74, 12, '1997-09-28', '2022-07-01', 'Jugador'),
(368, 'Ilaix Moriba', 28, 85, 1.85, 12, '2003-01-19', '2021-08-31', 'Jugador'),
(369, 'Kevin Kampl', 33, 78, 1.78, 12, '1990-10-09', '2017-08-31', 'Jugador'),
(370, 'Dani Olmo', 37, 79, 1.79, 12, '1998-05-07', '2020-01-25', 'Jugador'),
(371, 'Yussuf Poulsen', 49, 92, 1.92, 12, '1994-06-15', '2013-07-04', 'Jugador'),
(372, 'Timo Werner', 8, 80, 1.80, 12, '1996-03-06', '2022-08-09', 'Jugador'),
(373, 'Loïs Openda', 21, 77, 1.77, 12, '2000-02-16', '2023-07-14', 'Jugador'),
(374, 'Benjamin Šeško', 34, 94, 1.94, 12, '2003-05-31', '2023-07-01', 'Jugador'),
(375, 'Xabi Alonso Olano', 37, 76, 1.83, 13, '1981-11-25', '2019-01-01', 'Director tecnico'),
(376, 'Lukáš Hrádecký', 5, 92, 1.92, 13, '1989-11-24', '2018-07-01', 'Jugador'),
(377, 'Matěj Kovář', 1, 96, 1.96, 13, '2000-05-17', '2023-08-15', 'Jugador'),
(378, 'Niklas Lomb', 12, 86, 1.86, 13, '1993-07-28', '2012-07-01', 'Jugador'),
(379, 'Josip Stanišić', 13, 77, 1.87, 13, '0000-00-00', '2023-08-20', 'Jugador'),
(380, 'Piero Hincapie', 6, 84, 1.84, 13, '2002-01-09', '2021-08-16', 'Jugador'),
(381, 'Jonathan Tah', 31, 95, 1.95, 13, '1996-02-11', '2015-07-16', 'Jugador'),
(382, 'Odilon Kossounou', 4, 91, 1.91, 13, '2001-01-04', '2021-07-22', 'Jugador'),
(383, 'Edmond Tapsoba', 3, 92, 1.92, 13, '1999-02-02', '2020-01-31', 'Jugador'),
(384, 'Arthur', 15, 74, 1.74, 13, '2003-03-17', '2023-07-01', 'Jugador'),
(385, 'Alejandro Grimaldo', 37, 71, 1.71, 13, '1995-09-20', '2023-07-01', 'Jugador'),
(386, 'Timothy Fosu-Mensah', 34, 85, 1.85, 13, '1998-01-02', '2021-01-13', 'Jugador'),
(387, 'Jeremie Frimpong', 2, 71, 1.71, 13, '2000-12-10', '2021-01-27', 'Jugador'),
(388, 'Madi Monamay', 20, 85, 1.85, 13, '2006-04-06', '0000-00-00', 'Jugador'),
(389, 'Reno Münz', 4, 70, 1.83, 13, '0000-00-00', '0000-00-00', 'Jugador'),
(390, 'Jonas Hofmann', 47, 76, 1.76, 13, '1992-07-14', '2023-07-05', 'Jugador'),
(391, 'Robert Andrich', 11, 87, 1.87, 13, '1994-09-22', '2021-08-16', 'Jugador'),
(392, 'Florian Wirtz', 7, 77, 1.77, 13, '2003-05-03', '2020-07-01', 'Jugador'),
(393, 'Nadiem Amiri', 27, 80, 1.80, 13, '1996-10-27', '2019-07-30', 'Jugador'),
(394, 'Noah Mbamba', 25, 87, 1.87, 13, '2005-01-05', '2023-01-14', 'Jugador'),
(395, 'Exequiel Palacios', 8, 77, 1.77, 13, '1998-10-05', '2020-01-01', 'Jugador'),
(396, 'Gustavo Puerta', 10, 73, 1.73, 13, '2003-07-23', '2023-01-27', 'Jugador'),
(397, 'Granit Xhaka', 18, 86, 1.86, 13, '1992-09-27', '2023-07-06', 'Jugador'),
(398, 'Ayman Aourir', 21, 72, 1.72, 13, '2004-10-06', '2023-07-01', 'Jugador'),
(399, 'Patrik Schick', 23, 91, 1.91, 13, '1996-01-24', '2020-09-08', 'Jugador'),
(400, 'Nathan Tella', 22, 73, 1.73, 13, '1999-07-05', '2023-08-27', 'Jugador'),
(401, 'Amine Adli', 19, 74, 1.74, 13, '2000-05-10', '2021-08-26', 'Jugador'),
(402, 'Victor Boniface', 14, 90, 1.90, 13, '2000-12-23', '2023-07-22', 'Jugador'),
(403, 'Adam Hložek', 23, 88, 1.88, 13, '2002-07-25', '2022-07-01', 'Jugador'),
(404, 'Ken Izekor', 4, 72, 1.75, 13, '2007-05-24', '2023-01-01', 'Jugador'),
(405, 'Jan Siewert', 4, 77, 1.80, 14, '1982-08-23', '2015-01-01', 'Director tecnico'),
(406, 'Lasse Rieß', 4, 91, 1.91, 14, '2001-07-27', '2021-07-01', 'Jugador'),
(407, 'Robin Zentner', 4, 95, 1.95, 14, '1994-10-28', '2014-07-01', 'Jugador'),
(408, 'Daniel Batz', 4, 91, 1.91, 14, '1991-01-12', '2023-07-01', 'Jugador'),
(409, 'Phillipp Mwene', 27, 70, 1.70, 14, '1994-01-29', '2023-08-23', 'Jugador'),
(410, 'Sepp van den Berg', 2, 92, 1.92, 14, '2001-12-20', '2023-07-13', 'Jugador'),
(411, 'Maxim Leitsch', 4, 89, 1.89, 14, '1998-05-18', '2022-07-01', 'Jugador'),
(412, 'Stefan Bell', 4, 92, 1.92, 14, '1991-08-24', '2010-07-01', 'Jugador'),
(413, 'Anthony Caci', 6, 84, 1.84, 14, '1997-07-01', '2022-07-01', 'Jugador'),
(414, 'Danny da Costa', 4, 87, 1.87, 14, '1993-07-13', '2022-07-01', 'Jugador'),
(415, 'Andreas Hanche-Olsen', 3, 85, 1.85, 14, '1997-01-17', '2023-01-13', 'Jugador'),
(416, 'Silvan Widmer', 3, 83, 1.83, 14, '1993-03-05', '2021-07-09', 'Jugador'),
(417, 'Lasse Wilhelm', 4, 75, 1.75, 14, '2003-03-20', '2022-10-08', 'Jugador'),
(418, 'Aymen Barkok', 39, 82, 1.88, 14, '1998-05-21', '2020-08-15', 'Jugador'),
(419, 'Jae-sung Lee', 29, 70, 1.80, 14, '1992-08-10', '2021-07-08', 'Jugador'),
(420, 'Leandro Barreiro', 25, 74, 1.74, 14, '2000-01-03', '2018-07-01', 'Jugador'),
(421, 'Marco Richter', 4, 76, 1.76, 14, '1997-11-24', '2023-08-22', 'Jugador'),
(422, 'Tom Krauß', 4, 82, 1.82, 14, '2001-06-22', '2023-07-14', 'Jugador'),
(423, 'Edimilson Fernandes', 27, 77, 1.90, 14, '1996-04-15', '2019-07-01', 'Jugador'),
(424, 'Josuha Guilavogui', 6, 88, 1.88, 14, '1990-09-19', '2023-09-25', 'Jugador'),
(425, 'Merveille Papela', 4, 74, 1.74, 14, '2001-01-18', '2019-09-26', 'Jugador'),
(426, 'Dominik Kohr', 4, 83, 1.83, 14, '1994-01-31', '2022-07-01', 'Jugador'),
(427, 'Eniss Shabani', 4, 77, 1.80, 14, '1999-03-01', '2022-08-01', 'Jugador'),
(428, 'Brajan Gruda', 4, 78, 1.78, 14, '2004-05-31', '2022-11-18', 'Jugador'),
(429, 'Karim Onisiwo', 21, 88, 1.88, 14, '1992-03-17', '2016-01-05', 'Jugador'),
(430, 'Ludovic Ajorque', 14, 96, 1.96, 14, '1994-02-25', '2023-01-24', 'Jugador'),
(431, 'Jonathan Burkardt', 4, 83, 1.83, 14, '2000-07-11', '2018-07-01', 'Jugador'),
(432, 'Nelson Weiper', 4, 92, 1.92, 14, '2005-03-17', '2022-07-01', 'Jugador'),
(433, 'David Mamutovic', 4, 89, 1.89, 14, '2000-12-05', '2023-06-30', 'Jugador'),
(434, 'Marcus Müller', 4, 80, 1.80, 14, '2002-08-20', '2019-05-10', 'Jugador'),
(435, 'Gerardo Seaone', 3, 86, 1.86, 15, '1978-10-30', '2023-05-15', 'Director tecnico'),
(436, 'Jonas Omlin', 3, 85, 1.90, 15, '1994-01-10', '2023-01-19', 'Jugador'),
(437, 'Tobias Sippel', 4, 83, 1.83, 15, '1988-03-22', '2015-07-01', 'Jugador'),
(438, 'Moritz Nicolas', 4, 93, 1.93, 15, '1997-10-21', '2016-07-01', 'Jugador'),
(439, 'Jan Olschowsky', 4, 84, 1.84, 15, '2001-11-18', '2020-07-13', 'Jugador'),
(440, 'Maximilian Brüll', 4, 85, 1.87, 15, '2002-08-26', '2021-07-01', 'Jugador'),
(441, 'Fabio Chiarodia', 16, 86, 1.86, 15, '2005-06-05', '2023-07-01', 'Jugador'),
(442, 'Ko Itakura', 7, 88, 1.88, 15, '1997-01-27', '2022-07-02', 'Jugador'),
(443, 'Marvin Friedrich', 4, 93, 1.93, 15, '1995-12-13', '2022-01-11', 'Jugador'),
(444, 'Stefan Lainer', 27, 75, 1.75, 15, '1992-08-27', '2019-07-01', 'Jugador'),
(445, 'Luca Netz', 4, 84, 1.84, 15, '2003-05-15', '2021-08-06', 'Jugador'),
(446, 'Tony Jantschke', 4, 77, 1.77, 15, '1990-04-07', '2009-07-01', 'Jugador'),
(447, 'Lukas Ullrich', 17, 80, 1.80, 15, '2004-03-16', '2023-07-01', 'Jugador'),
(448, 'Joe Scally', 28, 84, 1.84, 15, '2002-12-31', '2021-01-01', 'Jugador'),
(449, 'Nico Elvedi', 3, 89, 1.89, 15, '1996-09-30', '2015-07-01', 'Jugador'),
(450, 'Maximilian Wöber', 16, 88, 1.88, 15, '1998-02-04', '2023-07-31', 'Jugador'),
(451, 'Simon Walde', 4, 85, 1.85, 15, '2005-01-04', '2023-01-04', 'Jugador'),
(452, 'Julian Weigl', 4, 86, 1.86, 15, '1995-09-08', '2023-07-01', 'Jugador'),
(453, 'Franck Honorat', 6, 80, 1.80, 15, '1996-08-11', '2023-07-11', 'Jugador'),
(454, 'Florian Neuhaus', 4, 85, 1.85, 15, '1997-03-16', '2017-07-01', 'Jugador'),
(455, 'Hannes Wolf', 27, 79, 1.79, 15, '1999-04-16', '2021-07-01', 'Jugador'),
(456, 'Manu Koné', 6, 85, 1.85, 15, '2001-05-17', '2021-01-21', 'Jugador'),
(457, 'Nathan Ngoumou', 6, 85, 1.85, 15, '2000-03-14', '2022-08-30', 'Jugador'),
(458, 'Christoph Kramer', 4, 91, 1.91, 15, '1991-02-19', '2016-07-01', 'Jugador'),
(459, 'Robin Hack', 4, 78, 1.78, 15, '1998-08-27', '2023-07-01', 'Jugador'),
(460, 'Rocco Reitz', 4, 76, 1.76, 15, '2002-05-29', '2020-07-01', 'Jugador'),
(461, 'Patrick Herrmann', 4, 79, 1.79, 15, '1991-02-12', '2010-01-01', 'Jugador'),
(462, 'Jordan', 28, 91, 1.91, 15, '1996-04-26', '2023-08-31', 'Jugador'),
(463, 'Alassane Pléa', 6, 81, 1.81, 15, '1993-03-10', '2018-07-13', 'Jugador'),
(464, 'Grant-Leon Ranos', 20, 80, 1.80, 15, '2003-07-20', '2023-07-01', 'Jugador'),
(465, 'Tomáš Čvančara', 1, 90, 1.90, 15, '2000-08-13', '2023-07-14', 'Jugador'),
(466, 'Yvandro Borges Sanches', 40, 75, 1.75, 15, '2004-05-24', '2022-07-01', 'Jugador'),
(467, 'Thomas Tuchel', 4, 85, 1.92, 16, '1973-08-29', '2023-03-25', 'Director tecnico'),
(468, 'Manuel Neuer', 4, 93, 1.93, 16, '1986-03-27', '2011-07-01', 'Jugador'),
(469, 'Daniel Peretz', 40, 90, 1.90, 16, '2000-07-10', '2023-08-25', 'Jugador'),
(470, 'Sven Ulreich', 4, 92, 1.92, 16, '1988-08-03', '2021-07-01', 'Jugador'),
(471, 'Tom Hülsmann', 4, 89, 2.00, 16, '2004-04-11', '2022-10-19', 'Jugador'),
(472, 'Max Schmitt', 4, 76, 1.87, 16, '2006-01-18', '2023-05-30', 'Jugador'),
(473, 'Dayot Upamecano', 6, 86, 1.86, 16, '1998-10-27', '2021-07-05', 'Jugador'),
(474, 'Min-jae Kim', 31, 90, 1.90, 16, '1996-11-15', '2023-07-18', 'Jugador'),
(475, 'Matthijs de Ligt', 12, 89, 1.89, 16, '1999-08-12', '2022-07-19', 'Jugador'),
(476, 'Alphonso Davies', 13, 83, 1.83, 16, '2000-11-02', '2019-01-01', 'Jugador'),
(477, 'Bouna Sarr', 31, 77, 1.77, 16, '1992-01-31', '2020-10-05', 'Jugador'),
(478, 'Raphaël Guerreiro', 25, 70, 1.70, 16, '1993-12-22', '2023-07-01', 'Jugador'),
(479, 'Tarek Buchmann', 4, 79, 1.75, 16, '2005-02-28', '2023-07-01', 'Jugador'),
(480, 'Luca Denk', 4, 76, 1.82, 16, '2003-03-02', '2021-01-01', 'Jugador'),
(481, 'Noussair Mazraoui', 29, 83, 1.83, 16, '1997-11-14', '2022-07-01', 'Jugador'),
(482, 'Joshua Kimmich', 4, 77, 1.77, 16, '1995-02-08', '2015-07-02', 'Jugador'),
(483, 'Leon Goretzka', 4, 89, 1.89, 16, '1995-02-06', '2018-07-01', 'Jugador'),
(484, 'Konrad Laimer', 27, 80, 1.80, 16, '1997-05-27', '2023-07-01', 'Jugador'),
(485, 'Lovro Zvonarek', 17, 70, 1.80, 16, '2005-05-08', '2023-05-10', 'Jugador'),
(486, 'Noel Aseko Akili', 4, 80, 1.80, 16, '2005-11-22', '2023-04-19', 'Jugador'),
(487, 'Frans Krätzig', 4, 75, 1.75, 16, '2003-01-14', '2023-10-06', 'Jugador'),
(488, 'Aleksandar Pavlovic', 4, 88, 1.88, 16, '2004-05-03', '2023-11-01', 'Jugador'),
(489, 'Taichi Fukui', 7, 61, 1.72, 16, '2004-07-15', '2023-03-28', 'Jugador'),
(490, 'Serge Gnabry', 4, 76, 1.76, 16, '1995-07-14', '2017-07-01', 'Jugador'),
(491, 'Harry Kane', 9, 88, 1.88, 16, '1993-07-28', '2023-08-12', 'Jugador'),
(492, 'Leroy Sané', 4, 83, 1.83, 16, '1996-01-11', '2020-07-15', 'Jugador'),
(493, 'Kingsley Coman', 6, 81, 1.81, 16, '1996-06-13', '2017-07-01', 'Jugador'),
(494, 'Eric Maxim Choupo-Moting', 12, 91, 1.91, 16, '1989-03-23', '2020-10-05', 'Jugador'),
(495, 'Thomas Müller', 4, 85, 1.85, 16, '1989-09-13', '2009-07-01', 'Jugador'),
(496, 'Mathys Tel', 6, 83, 1.83, 16, '2005-04-27', '2022-07-26', 'Jugador'),
(497, 'Jamal Musiala', 4, 84, 1.84, 16, '2003-02-26', '2020-07-01', 'Jugador'),
(498, 'Sebastian Hoeneß', 4, 83, 1.78, 17, '1982-05-12', '1999-01-01', 'Director Tecnico'),
(499, 'Fabian Bredlow', 4, 90, 1.90, 17, '1995-03-02', '2019-07-01', 'Jugador'),
(500, 'Alexander Nübel', 4, 93, 1.93, 17, '1996-09-30', '2023-07-25', 'Jugador'),
(501, 'Dennis Seimen', 4, 92, 1.92, 17, '2005-12-01', '2023-07-01', 'Jugador'),
(502, 'Florian Schock', 4, 87, 2.00, 17, '2001-05-22', '2021-09-07', 'Jugador'),
(503, 'Waldemar Anton', 4, 89, 1.89, 17, '1996-07-20', '2020-07-28', 'Jugador'),
(504, 'Josha Vagnoman', 4, 84, 1.90, 17, '2000-12-11', '2022-07-09', 'Jugador'),
(505, 'Maximilian Mittelstädt', 4, 80, 1.80, 17, '1997-03-18', '2023-07-01', 'Jugador'),
(506, 'Pascal Stenzel', 4, 83, 1.83, 17, '1996-03-20', '2020-07-01', 'Jugador'),
(507, 'Leonidas Stergiou', 3, 81, 1.81, 17, '2002-03-03', '2023-08-22', 'Jugador'),
(508, 'Hiroki Ito', 7, 88, 1.88, 17, '1999-05-12', '2022-07-01', 'Jugador'),
(509, 'Dan-Axel Zagadou', 6, 74, 1.96, 17, '1999-06-03', '2022-09-19', 'Jugador'),
(510, 'Anthony Rouault', 6, 86, 1.86, 17, '2001-05-29', '2023-09-01', 'Jugador'),
(511, 'Angelo Stiller', 4, 83, 1.83, 17, '2001-04-04', '2023-08-25', 'Jugador'),
(512, 'Enzo Millot', 6, 74, 1.74, 17, '2002-07-17', '2021-08-14', 'Jugador'),
(513, 'Woo-yeong Jeong', 31, 79, 1.79, 17, '1999-09-20', '2023-07-11', 'Jugador'),
(514, 'Atakan Karazor', 4, 91, 1.91, 17, '1996-10-13', '2019-07-01', 'Jugador'),
(515, 'Genki Haraguchi', 7, 78, 1.78, 17, '1991-05-09', '2023-01-30', 'Jugador'),
(517, 'Lilian Egloff', 4, 82, 1.82, 17, '2002-08-20', '2020-07-01', 'Jugador'),
(518, 'Chris Führich', 4, 81, 1.81, 17, '1998-01-09', '2021-07-19', 'Jugador'),
(519, 'Nikolas Nartey', 8, 85, 1.85, 17, '2000-02-22', '2019-08-29', 'Jugador'),
(520, 'Roberto Massimo', 4, 78, 1.83, 17, '2000-10-12', '2018-07-01', 'Jugador'),
(521, 'Laurin Ulrich', 4, 80, 1.80, 17, '2005-01-31', '2022-07-01', 'Jugador'),
(522, 'Luca Raimund', 4, 74, 1.88, 17, '2005-04-09', '2024-06-30', 'Jugador'),
(523, 'Samuele Di Benedetto', 4, 68, 1.72, 17, '2005-07-16', '2023-09-06', 'Jugador'),
(524, 'Serhou Guirassy', 38, 187, 1.87, 17, '1996-03-12', '2023-07-01', 'Jugador'),
(525, 'Silas Katompa Mvumpa', 18, 189, 1.89, 17, '1998-10-06', '2019-08-13', 'Jugador'),
(526, 'Jamie Leweling', 4, 185, 1.85, 17, '2001-02-26', '2023-07-13', 'Jugador'),
(527, 'Jovan Milosevic', 33, 192, 1.92, 17, '2005-07-31', '2023-07-01', 'Jugador'),
(528, 'Deniz Undav', 4, 179, 1.79, 17, '1996-07-19', '2023-08-02', 'Jugador'),
(529, 'Niko Kovac', 4, 80, 1.76, 18, '1971-10-15', '2013-01-01', 'Director tecnico'),
(530, 'Koen Casteels', 21, 97, 1.97, 18, '1992-06-25', '2015-01-21', 'Jugador'),
(531, 'Pavao Pervan', 27, 94, 1.94, 18, '1987-11-13', '2018-07-01', 'Jugador'),
(532, 'Niklas Klinger', 4, 87, 1.87, 18, '1995-10-13', '2019-07-01', 'Jugador'),
(533, 'Philipp Schulze', 4, 90, 1.90, 18, '2003-01-29', '2021-07-01', 'Jugador'),
(534, 'Kilian Fischer', 4, 82, 1.82, 18, '2000-10-12', '2022-07-01', 'Jugador'),
(535, 'Sebastiaan Bornauw', 21, 91, 1.91, 18, '1999-03-22', '2021-07-16', 'Jugador'),
(536, 'Maxence Lacroix', 6, 90, 1.90, 18, '2000-04-06', '2020-08-25', 'Jugador'),
(537, 'Cédric Zesiger', 3, 94, 1.94, 18, '1998-06-24', '2023-07-01', 'Jugador'),
(538, 'Nicolas Cozza', 6, 78, 1.78, 18, '1999-01-08', '2023-01-25', 'Jugador'),
(539, 'Rogério', 15, 78, 1.78, 18, '1998-01-13', '2023-08-05', 'Jugador'),
(540, 'Joakim Maehle', 8, 85, 1.85, 18, '1997-05-20', '2023-08-12', 'Jugador'),
(541, 'Moritz Jenz', 4, 90, 1.90, 18, '1999-04-30', '2023-07-01', 'Jugador'),
(542, 'Felix Lange', 4, 87, 1.87, 18, '2004-03-13', '2023-07-01', 'Jugador'),
(543, 'Aster Vranckx', 18, 83, 1.83, 18, '2002-10-04', '2021-07-01', 'Jugador'),
(544, 'Václav Černý', 21, 82, 1.82, 18, '1997-10-17', '2023-07-01', 'Jugador'),
(545, 'Jakub Kaminski', 10, 79, 1.79, 18, '2002-06-05', '2022-07-01', 'Jugador'),
(546, 'Lovro Majer', 33, 78, 1.78, 18, '1998-01-17', '2023-08-16', 'Jugador'),
(547, 'Ridle Baku', 4, 76, 1.76, 18, '1998-04-08', '2020-10-01', 'Jugador'),
(548, 'Maximilian Arnold', 4, 84, 1.84, 18, '1994-05-27', '2012-01-01', 'Jugador'),
(549, 'Yannick Gerhardt', 4, 84, 1.84, 18, '1994-03-13', '2016-07-01', 'Jugador'),
(550, 'Mattias Svanberg', 34, 85, 1.85, 18, '1999-01-05', '2022-07-16', 'Jugador'),
(551, 'Patrick Wimmer', 27, 82, 1.82, 18, '2001-05-30', '2022-07-01', 'Jugador'),
(552, 'Kevin Paredes', 28, 70, 1.70, 18, '2003-05-07', '2022-01-28', 'Jugador'),
(553, 'Kofi Jeremy Amoako', 4, 73, 1.86, 18, '2005-05-06', '2023-12-16', 'Jugador'),
(554, 'Amin Sarr', 25, 88, 1.88, 18, '2001-03-11', '2023-08-31', 'Jugador'),
(555, 'Lukas Nmecha', 4, 85, 1.85, 18, '1998-12-14', '2021-07-16', 'Jugador'),
(556, 'Tiago Tomás', 25, 80, 1.80, 18, '2002-06-16', '2023-07-05', 'Jugador'),
(557, 'Dženan Pejčinović', 4, 88, 1.88, 18, '2005-02-15', '2022-07-14', 'Jugador'),
(558, 'Jonas Wind', 8, 90, 1.90, 18, '1999-02-07', '2022-01-31', 'Jugador'),
(559, 'Uwe Gospodarek', 4, 82, 1.85, 16, '1973-08-06', '1991-07-01', 'Jugador'),
(560, 'Sven Scheuer', 4, 79, 1.88, 16, '1971-01-19', '1989-07-01', 'Jugador'),
(561, 'Raimond Aumann', 4, 85, 1.82, 16, '1963-10-12', '1982-07-01', 'Jugador'),
(562, 'Bernhard Hirmer', 4, 80, 1.80, 16, '1967-12-06', '0000-00-00', 'Jugador'),
(563, 'Alois Reinhardt', 4, 83, 1.87, 16, '1961-11-18', '1991-08-01', 'Jugador'),
(564, 'Oliver Kreuzer', 4, 78, 1.84, 16, '1965-11-13', '1991-07-01', 'Jugador'),
(565, 'Thomas Helmer', 4, 84, 1.86, 16, '1965-04-21', '1992-07-01', 'Jugador'),
(566, 'Markus Münch', 4, 81, 1.81, 16, '1972-09-07', '1996-07-01', 'Jugador'),
(567, 'Hans Pflügler', 4, 79, 1.82, 16, '1960-03-27', '1981-07-01', 'Jugador'),
(568, 'Dieter Frey', 4, 83, 1.85, 16, '1972-10-31', '1992-07-01', 'Jugador'),
(569, 'Jorginho', 15, 75, 1.75, 16, '1964-08-17', '1992-07-01', 'Jugador'),
(570, 'Roland Grahammer', 4, 82, 1.83, 16, '1963-11-03', '1988-07-01', 'Jugador'),
(571, 'Jan Wouters', 2, 77, 1.78, 16, '1960-07-17', '1991-11-01', 'Jugador'),
(572, 'Christian Nerlinger', 4, 80, 1.80, 16, '1973-03-21', '1991-07-01', 'Jugador'),
(573, 'Dietmar Hamann', 4, 82, 1.85, 16, '1973-08-27', '1993-07-01', 'Jugador'),
(574, 'Lothar Matthäus', 4, 77, 1.77, 16, '1961-03-21', '1992-07-01', 'Jugador'),
(575, 'Olaf Thon', 4, 76, 1.78, 16, '1966-05-01', '1988-07-01', 'Jugador'),
(576, 'Aleksandr Karataev', 14, 84, 1.86, 16, '1973-11-22', '1990-01-01', 'Jugador'),
(577, 'Michael Sternkopf', 4, 79, 1.82, 16, '1970-04-21', '1990-07-01', 'Jugador'),
(578, 'Harald Cerny', 27, 75, 1.80, 16, '1973-09-13', '1992-07-01', 'Jugador'),
(579, 'Christian Ziege', 4, 85, 1.87, 16, '1972-02-01', '1990-07-01', 'Jugador'),
(580, 'Mehmet Scholl', 4, 78, 1.84, 16, '1970-10-16', '1992-07-01', 'Jugador'),
(581, 'Markus Schupp', 4, 76, 1.78, 16, '1966-01-07', '1992-07-01', 'Jugador'),
(582, 'Marcel Witeczek', 4, 82, 1.85, 16, '1968-10-18', '1993-07-01', 'Jugador'),
(583, 'Bruno Labbadia', 4, 80, 1.80, 16, '1966-02-08', '1991-07-01', 'Jugador'),
(584, 'Alexander Zickler', 4, 88, 1.90, 16, '1974-02-28', '1993-07-01', 'Jugador'),
(585, 'Mazinho', 15, 84, 1.86, 16, '1965-12-26', '1991-07-01', 'Jugador'),
(586, 'Thomas Radlspeck', 4, 79, 1.82, 16, '1972-11-16', '0000-00-00', 'Jugador'),
(587, 'Adolfo Valencia', 11, 86, 1.88, 16, '1968-02-06', '1993-07-01', 'Jugador'),
(588, 'Oliver Stegmayer', 4, 77, 1.79, 16, '1974-01-09', '0000-00-00', 'Jugador'),
(589, 'Claus Reitmaier', 4, 84, 1.86, 21, '1964-03-17', '1993-07-01', 'Jugador'),
(590, 'Gerry Ehrmann', 4, 83, 1.84, 21, '1959-02-18', '1984-07-01', 'Jugador'),
(591, 'Thomas Antes', 4, 81, 1.85, 21, '1968-10-08', '1988-10-15', 'Jugador'),
(592, 'Michael Serr', 4, 82, 1.83, 21, '1962-07-14', '1986-07-01', 'Jugador'),
(593, 'Thorsten Hanewald', 4, 80, 1.81, 21, '1975-04-26', '1990-04-28', 'Jugador'),
(594, 'Thomas Hengen', 4, 83, 1.84, 21, '1974-09-22', '2001-07-01', 'Jugador'),
(595, 'Miroslav Kadlec', 1, 86, 1.88, 21, '1964-06-22', '1990-07-01', 'Jugador'),
(596, 'Thomas Ritter', 4, 82, 1.83, 21, '1967-10-10', '1992-07-01', 'Jugador'),
(597, 'Oliver Schäfer', 4, 79, 1.81, 21, '1969-02-27', '1991-07-01', 'Jugador'),
(598, 'Wolfgang Funkel', 4, 85, 1.87, 21, '1958-08-10', '1991-07-01', 'Jugador'),
(599, 'Roger Lutz', 4, 84, 1.82, 21, '1964-07-15', '1987-07-01', 'Jugador'),
(600, 'Jan Eriksson', 8, 81, 1.83, 21, '1967-08-24', '1992-07-01', 'Jugador'),
(601, 'Andreas Brehme', 4, 78, 1.80, 21, '1960-11-09', '1993-07-01', 'Jugador'),
(602, 'Axel Roos', 4, 83, 1.86, 21, '1964-08-19', '1983-07-01', 'Jugador'),
(603, 'Marco Haber', 4, 79, 1.82, 21, '1971-09-21', '1989-07-01', 'Jugador'),
(604, 'Harald Wadle', 4, 80, 1.85, 21, '1966-01-27', '1985-03-25', 'Jugador'),
(605, 'Ciriaco Sforza', 3, 80, 1.80, 21, '1970-03-02', '2002-08-12', 'Jugador'),
(606, 'Michael Zeyer', 4, 82, 1.85, 21, '1968-06-09', '1992-07-01', 'Jugador'),
(607, 'Torsten Lieberknecht', 4, 75, 1.75, 21, '1973-08-01', '1992-07-01', 'Jugador'),
(608, 'Bjarne Goldbaek', 8, 78, 1.80, 21, '1968-10-06', '1989-12-04', 'Jugador'),
(609, 'Michael Lusch', 4, 84, 1.86, 21, '1964-06-16', '1993-07-01', 'Jugador'),
(610, 'Martin Wagner', 4, 80, 1.83, 21, '1968-02-24', '1992-07-01', 'Jugador'),
(611, 'Tobias Weis', 4, 73, 1.70, 21, '1975-08-15', '1990-10-15', 'Jugador'),
(612, 'Christoph Dengel', 4, 85, 1.87, 21, '1970-04-23', '1990-10-09', 'Jugador'),
(613, 'Jürgen Degen', 4, 82, 1.86, 21, '1967-11-07', '1991-07-01', 'Jugador'),
(614, 'Pavel Kuka', 1, 84, 1.86, 21, '1968-07-19', '1993-01-01', 'Jugador'),
(615, 'Marco Dittgen', 4, 89, 1.90, 21, '1974-08-19', '1992-09-14', 'Jugador'),
(616, 'Marcus Marin', 4, 83, 1.84, 21, '1966-12-13', '1992-07-01', 'Jugador'),
(617, 'Stefan Kuntz', 4, 80, 1.80, 21, '1962-10-30', '1989-07-01', 'Jugador'),
(618, 'Uwe Fuchs', 4, 81, 1.85, 21, '1966-07-23', '1993-07-01', 'Jugador'),
(619, 'Wolfgang de Beer', 4, 85, 1.85, 6, '1964-01-02', '1986-07-01', 'Jugador'),
(620, 'Stefan Klos', 4, 84, 1.84, 6, '1971-08-16', '0000-00-00', 'Jugador'),
(621, 'Ned Zelic', 12, 80, 1.83, 6, '1971-07-04', '1992-07-01', 'Jugador'),
(622, 'Matthias Sammer', 4, 82, 1.81, 6, '1967-09-05', '1993-01-01', 'Jugador'),
(623, 'Bodo Schmidt', 4, 83, 1.85, 6, '1967-09-03', '1991-07-01', 'Jugador'),
(624, 'Júlio César', 15, 85, 1.86, 6, '1963-03-08', '1994-07-01', 'Jugador'),
(625, 'Marco Kurz', 4, 79, 1.82, 6, '1969-05-16', '1994-07-01', 'Jugador'),
(626, 'Martin Kree', 4, 85, 1.85, 6, '1965-01-27', '1994-07-01', 'Jugador'),
(627, 'Günter Kutowski', 4, 80, 1.85, 6, '1965-08-02', '1984-07-01', 'Jugador'),
(628, 'Stefan Fengler', 4, 78, 1.80, 6, '1968-04-02', '0000-00-00', 'Jugador'),
(629, 'René Tretschok', 4, 83, 1.85, 6, '1968-12-23', '1992-07-01', 'Jugador'),
(630, 'Michael Zorc', 4, 79, 1.81, 6, '1962-08-25', '1981-07-01', 'Jugador'),
(631, 'Steffen Freund', 4, 81, 1.84, 6, '1970-01-19', '1993-07-01', 'Jugador'),
(632, 'Thomas Franck', 4, 79, 1.82, 6, '1971-02-24', '1990-07-01', 'Jugador'),
(633, 'Frank Riethmann', 4, 86, 1.87, 6, '1975-12-09', '1996-07-01', 'Jugador');
INSERT INTO `jugadores` (`Id`, `Nombre`, `Nacionalidad`, `Peso`, `Estatura`, `equipo`, `Fecha_de_nacimiento`, `Fecha_de_debut`, `Tipo`) VALUES
(634, 'Stefan Reuter', 4, 80, 1.81, 6, '1966-10-16', '1992-07-01', 'Jugador'),
(635, 'Knut Reinhardt', 4, 78, 1.82, 6, '1968-04-27', '1991-07-01', 'Jugador'),
(636, 'Yahaya Mallam', 12, 85, 1.82, 6, '1974-12-31', '1994-07-01', 'Jugador'),
(637, 'Andreas Möller', 4, 75, 1.80, 6, '1967-09-02', '1994-07-01', 'Jugador'),
(638, 'Lars Ricken', 4, 77, 1.78, 6, '1976-07-10', '1993-07-01', 'Jugador'),
(639, 'Marc Arnold', 4, 78, 1.80, 6, '1970-09-19', '1994-07-01', 'Jugador'),
(640, 'Ibrahim Tanko', 12, 75, 1.80, 6, '1977-07-25', '1995-07-01', 'Jugador'),
(641, 'Stéphane Chapuisat', 16, 78, 1.81, 6, '1969-06-28', '1991-07-01', 'Jugador'),
(642, 'Karl-Heinz Riedle', 4, 77, 1.79, 6, '1965-09-16', '1993-07-01', 'Jugador'),
(643, 'Flemming Povlsen', 8, 80, 1.82, 6, '1966-12-03', '1990-07-01', 'Jugador'),
(644, 'Hans-Jürgen Gundelach', 4, 90, 1.90, 4, '0000-00-00', '1992-07-01', 'Jugador'),
(645, 'Oliver Reck', 4, 93, 1.93, 4, '1965-02-27', '1985-07-01', 'Jugador'),
(646, 'Frank Rost', 4, 85, 1.85, 4, '1973-06-30', '1995-07-01', 'Jugador'),
(647, 'Bernd Goldschmidt', 4, 77, 1.77, 4, '0000-00-00', '1993-07-01', 'Jugador'),
(648, 'Rune Bratseth', 14, 80, 1.85, 4, '1961-03-19', '1995-03-01', 'Jugador'),
(649, 'Jens Lellek', 4, 78, 1.80, 4, '1968-01-31', '1997-07-01', 'Jugador'),
(650, 'Gunnar Sauer', 4, 79, 1.81, 4, '1964-06-11', '1985-07-01', 'Jugador'),
(651, 'Torsten Rauh', 4, 75, 1.79, 4, '1970-11-23', '0000-00-00', 'Jugador'),
(652, 'Hany Ramzy', 18, 82, 1.84, 4, '1969-03-10', '1994-07-01', 'Jugador'),
(653, 'Dietmar Beiersdorfer', 4, 87, 1.87, 4, '1963-11-16', '1992-07-01', 'Jugador'),
(654, 'Uli Borowka', 4, 80, 1.82, 4, '1962-05-19', '1987-07-01', 'Jugador'),
(655, 'Michael Schulz', 4, 82, 1.85, 4, '1961-09-03', '1994-07-01', 'Jugador'),
(656, 'Andree Wiedener', 4, 75, 1.80, 4, '1970-03-14', '1989-07-01', 'Jugador'),
(657, 'Thomas Schaaf', 4, 76, 1.76, 4, '1961-04-30', '1980-07-01', 'Jugador'),
(658, 'Dieter Eilts', 4, 83, 1.83, 4, '1964-12-13', '1988-07-01', 'Jugador'),
(659, 'Lars Unger', 4, 80, 1.85, 4, '1972-09-30', '1991-07-01', 'Jugador'),
(660, 'Mirko Votava', 4, 81, 1.81, 4, '1956-04-25', '1985-07-01', 'Jugador'),
(661, 'Mario Basler', 4, 86, 1.86, 4, '1976-10-03', '1993-07-01', 'Jugador'),
(662, 'Thomas Wolter', 4, 83, 1.83, 4, '1963-10-04', '1984-07-01', 'Jugador'),
(663, 'Andreas Herzog', 27, 83, 1.83, 4, '1968-09-10', '1996-07-01', 'Jugador'),
(664, 'Marco Bode', 4, 78, 1.80, 4, '1969-07-23', '1989-07-01', 'Jugador'),
(665, 'Sven Simonsen', 4, 77, 1.78, 4, '1969-11-28', '1994-07-01', 'Jugador'),
(666, 'Frank Neubarth', 4, 93, 1.90, 4, '0000-00-00', '1982-07-01', 'Jugador'),
(667, 'Marinus Bester', 4, 85, 1.85, 4, '0000-00-00', '1990-07-01', 'Jugador'),
(668, 'Bernd Hobsch', 4, 82, 1.84, 4, '1968-05-07', '1993-01-01', 'Jugador'),
(669, 'Vladimir Beschastnykh', 34, 86, 1.86, 4, '1974-04-01', '1994-07-01', 'Jugador'),
(670, 'Wynton Rufer', 2, 85, 1.85, 4, '1962-12-29', '1990-07-01', 'Jugador'),
(671, 'Patrick Berger', 4, 90, 1.90, 4, '1973-11-10', '1992-07-01', 'Jugador'),
(672, 'Lars Leese', 4, 85, 1.85, 13, '1969-08-18', '1996-07-01', 'Jugador'),
(673, 'Rüdiger Vollborn', 4, 84, 1.84, 13, '1963-02-12', '1982-07-01', 'Jugador'),
(674, 'Dirk Heinen', 4, 88, 1.88, 13, '1970-12-03', '1989-07-01', 'Jugador'),
(675, 'Jens Nowotny', 4, 87, 1.87, 13, '1974-01-11', '1996-07-01', 'Jugador'),
(676, 'Robert Kovac', 17, 82, 1.82, 13, '1974-04-06', '1996-07-01', 'Jugador'),
(677, 'Markus Happe', 4, 80, 1.85, 13, '1972-02-11', '1991-07-01', 'Jugador'),
(678, 'Christian Wörns', 4, 84, 1.84, 13, '1972-05-10', '1991-07-01', 'Jugador'),
(679, 'Daniel Schumann', 4, 83, 1.83, 13, '0000-00-00', '0000-00-00', 'Jugador'),
(680, 'Jan Heintze', 8, 75, 1.76, 13, '1963-08-17', '1996-07-01', 'Jugador'),
(681, 'Holger Fach', 4, 78, 1.80, 13, '1962-09-06', '1995-07-01', 'Jugador'),
(682, 'Thorsten Nehrbauer', 4, 78, 1.78, 13, '0000-00-00', '1997-07-01', 'Jugador'),
(683, 'Carsten Ramelow', 4, 80, 1.85, 13, '1974-03-20', '1996-01-01', 'Jugador'),
(684, 'Christoph Chylla', 4, 75, 1.80, 13, '1976-05-06', '0000-00-00', 'Jugador'),
(685, 'Niko Kovac', 17, 76, 1.76, 13, '1971-10-15', '1996-07-01', 'Jugador'),
(686, 'Zé Elias', 15, 80, 1.82, 13, '1976-09-25', '1996-07-01', 'Jugador'),
(687, 'Claudio Reyna', 28, 75, 1.75, 13, '1973-07-20', '1994-08-08', 'Jugador'),
(688, 'Andreas Neuendorf', 4, 78, 1.78, 13, '1975-02-09', '2000-07-01', 'Jugador'),
(689, 'Mike Rietpietsch', 4, 77, 1.77, 13, '1974-03-26', '1994-07-01', 'Jugador'),
(690, 'René Rydlewicz', 4, 75, 1.75, 13, '1973-07-18', '1992-07-01', 'Jugador'),
(691, 'Hans-Peter Lehnhoff', 4, 77, 1.77, 13, '1963-07-12', '1994-07-01', 'Jugador'),
(692, 'Mario Tolkmitt', 4, 80, 1.85, 13, '1970-10-30', '1992-07-01', 'Jugador'),
(693, 'Manuel Cardoni', 4, 84, 1.84, 13, '1972-09-22', '1996-07-01', 'Jugador'),
(694, 'Thorsten Wittek', 4, 79, 1.83, 13, '1976-12-31', '2001-07-01', 'Jugador'),
(695, 'Paulo Sérgio', 15, 78, 1.80, 13, '1969-06-02', '1993-07-01', 'Jugador'),
(696, 'Ulf Kirsten', 4, 75, 1.75, 13, '1965-12-04', '1990-07-01', 'Jugador'),
(697, 'Erik Meijer', 2, 82, 1.90, 13, '1969-08-02', '1996-07-01', 'Jugador'),
(698, 'Markus Feldhoff', 4, 85, 1.85, 13, '1974-08-29', '1995-07-01', 'Jugador'),
(699, 'Sebastian Helbig', 4, 83, 1.83, 13, '1977-04-25', '1995-07-01', 'Jugador'),
(700, 'Oliver Kahn', 4, 91, 1.88, 16, '1969-06-15', '1994-07-01', 'Jugador'),
(701, 'Bernd Dreher', 4, 88, 1.85, 16, '1966-11-02', '2005-07-01', 'Jugador'),
(702, 'Markus Weinzierl', 4, 80, 1.80, 16, '1974-12-28', '1990-03-08', 'Jugador'),
(703, 'Samuel Kuffour', 12, 78, 1.82, 16, '1976-09-03', '1994-07-01', 'Jugador'),
(704, 'Thomas Linke', 4, 85, 1.87, 16, '1969-12-26', '1998-07-01', 'Jugador'),
(705, 'Alexander Klitzpera', 4, 82, 1.84, 16, '1977-10-19', '1994-01-01', 'Jugador'),
(706, 'Christian Saba', 12, 80, 1.80, 16, '1978-12-29', '1997-04-10', 'Jugador'),
(707, 'Bixente Lizarazu', 6, 70, 1.69, 16, '1969-12-09', '1996-05-01', 'Jugador'),
(708, 'Alexander Bugera', 4, 75, 1.76, 16, '1978-08-08', '1997-07-01', 'Jugador'),
(709, 'Michael Tarnat', 4, 78, 1.79, 16, '1969-10-27', '1987-01-07', 'Jugador'),
(710, 'Frank Wiblishauser', 4, 75, 1.80, 16, '1980-02-14', '1998-07-01', 'Jugador'),
(711, 'Nils-Eric Johansson', 3, 80, 1.85, 16, '1980-01-13', '1999-01-01', 'Jugador'),
(712, 'Thomas Strunz', 4, 79, 1.82, 16, '1968-04-25', '1995-07-01', 'Jugador'),
(713, 'Jens Jeremies', 4, 75, 1.79, 16, '1974-03-05', '1998-07-01', 'Jugador'),
(714, 'Thorsten Fink', 4, 76, 1.81, 16, '1967-10-29', '1997-07-01', 'Jugador'),
(715, 'Emanuel Bentil', 12, 73, 1.75, 16, '1978-04-25', '1997-01-01', 'Jugador'),
(716, 'David Jarolim', 1, 72, 1.74, 16, '1979-05-17', '1997-07-01', 'Jugador'),
(717, 'Mario Basler', 4, 78, 1.83, 16, '1976-10-03', '1996-07-01', 'Jugador'),
(718, 'Hasan Salihamidzic', 23, 76, 1.78, 16, '1977-01-01', '1998-07-01', 'Jugador'),
(719, 'Giovane Élber', 15, 76, 1.80, 16, '1972-07-23', '1997-07-01', 'Jugador'),
(720, 'Carsten Jancker', 4, 85, 1.93, 16, '1974-08-28', '1996-07-01', 'Jugador'),
(721, 'Ali Daei', 24, 82, 1.88, 16, '1969-03-21', '1998-07-01', 'Jugador'),
(722, 'Berkant Göktan', 4, 72, 1.76, 16, '1978-04-28', '1997-10-24', 'Jugador'),
(723, 'Frode Grodås', 32, 88, 1.88, 19, '1964-10-24', '1998-07-01', 'Jugador'),
(724, 'Toni Tapalovic', 17, 85, 1.70, 19, '1980-10-10', '1999-07-01', 'Jugador'),
(725, 'Yves Eigenrauch', 4, 86, 1.87, 19, '1971-04-24', '1990-07-01', 'Jugador'),
(726, 'Tomasz Hajto', 10, 70, 1.90, 19, '1972-10-16', '2000-07-01', 'Jugador'),
(727, 'Marco van Hoogdalem', 2, 74, 1.85, 19, '1972-05-23', '1997-01-01', 'Jugador'),
(728, 'Tomasz Waldoch', 10, 87, 1.71, 19, '1971-05-10', '1999-07-01', 'Jugador'),
(729, 'Markus Happe', 4, 87, 1.70, 19, '1972-02-11', '2000-01-01', 'Jugador'),
(730, 'Johan de Kock', 2, 85, 1.85, 19, '1964-10-25', '1996-07-01', 'Jugador'),
(731, 'Sladan Peric', 28, 82, 1.78, 19, '1982-04-15', '2000-07-01', 'Jugador'),
(732, 'Nico Van Kerckhoven', 21, 90, 1.90, 19, '1970-12-14', '1998-07-01', 'Jugador'),
(733, 'Benjamin Koch', 4, 69, 1.73, 19, '1981-02-15', '0000-00-00', 'Jugador'),
(734, 'Sven Kmetsch', 4, 78, 1.78, 19, '0000-00-00', '1998-07-01', 'Jugador'),
(735, 'Jiri Nemec', 1, 76, 1.76, 19, '1966-05-15', '1993-07-01', 'Jugador'),
(736, 'Ünal Alpugan', 22, 81, 1.83, 19, '1973-08-03', '1999-01-01', 'Jugador'),
(737, 'Niels Oude Kamphuis', 2, 79, 1.75, 19, '1977-11-14', '1999-07-01', 'Jugador'),
(738, 'Benjamin Wingerter', 4, 78, 1.87, 19, '1983-03-25', '0000-00-00', 'Jugador'),
(739, 'Christian Mikolajczak', 4, 79, 1.79, 19, '0000-00-00', '2000-07-01', 'Jugador'),
(740, 'Olaf Thon', 4, 70, 1.85, 19, '1966-05-01', '1994-07-01', 'Jugador'),
(741, 'Sérgio da Silva Pinto', 25, 76, 1.76, 19, '1980-10-16', '1999-07-01', 'Jugador'),
(742, 'Radoslav Latal', 1, 79, 1.79, 19, '1970-01-06', '1995-07-01', 'Jugador'),
(743, 'Oliver Held', 4, 83, 1.73, 19, '1972-09-10', '1995-07-01', 'Jugador'),
(744, 'Mike Büskens', 4, 81, 1.81, 19, '1968-03-19', '2000-07-01', 'Jugador'),
(745, 'Jörg Böhme', 4, 78, 1.78, 19, '1974-01-22', '2000-07-01', 'Jugador'),
(746, 'Thorsten Legat', 4, 81, 1.75, 19, '1968-11-07', '2000-01-01', 'Jugador'),
(747, 'Andreas Möller', 4, 80, 1.80, 19, '1967-09-02', '2000-07-01', 'Jugador'),
(748, 'Tamás Hajnal', 30, 67, 1.67, 19, '1981-03-15', '1999-07-01', 'Jugador'),
(749, 'Ali Göl', 4, 79, 1.83, 19, '1976-07-13', '2000-07-01', 'Jugador'),
(750, 'Youri Mulder', 21, 89, 1.89, 19, '1969-03-23', '1993-07-01', 'Jugador'),
(751, 'Ebbe Sand', 8, 83, 1.83, 19, '1972-07-19', '1999-07-01', 'Jugador'),
(752, 'Gerald Asamoah', 4, 80, 1.80, 19, '1978-10-03', '1999-07-01', 'Jugador'),
(753, 'Emile Mpenza', 6, 86, 1.88, 19, '1978-07-04', '1997-01-01', 'Jugador'),
(754, 'Jürgen Kohler', 4, 80, 1.84, 6, '1965-10-06', '1983-01-01', 'Jugador'),
(755, 'Jörg Heinrich', 4, 75, 1.82, 6, '1969-12-06', '1988-01-01', 'Jugador'),
(756, 'Heiko Herrlich', 4, 77, 1.87, 6, '1971-12-03', '1989-01-01', 'Jugador'),
(757, 'Dr. Philipp Laux', 4, 75, 1.85, 6, '1975-06-22', '1999-01-01', 'Jugador'),
(758, 'Alexander Kuschmann', 4, 78, 1.90, 6, '1982-03-12', '2001-01-01', 'Jugador'),
(759, 'Michael Ratajczak', 4, 80, 1.88, 6, '1983-12-16', '2004-01-01', 'Jugador'),
(760, 'Florian Thorwart', 4, 76, 1.83, 6, '1987-08-29', '2006-01-01', 'Jugador'),
(761, 'Christoph Metzelder', 4, 82, 1.94, 6, '1980-11-05', '1999-01-01', 'Jugador'),
(762, 'Ahmed Madouni', 1, 79, 1.86, 6, '1980-10-12', '1999-01-01', 'Jugador'),
(763, 'Dedê', 15, 73, 1.79, 6, '1981-03-19', '2000-01-01', 'Jugador'),
(764, 'Evanilson', 15, 76, 1.82, 6, '1981-09-23', '2000-01-01', 'Jugador'),
(765, 'Guy Demel', 13, 77, 1.84, 6, '1981-06-13', '2000-01-01', 'Jugador'),
(766, 'Miroslav Stevic', 33, 81, 1.86, 6, '1972-07-19', '1999-01-01', 'Jugador'),
(767, 'Sunday Oliseh', 14, 75, 1.81, 6, '1974-09-14', '1998-01-01', 'Jugador'),
(768, 'Florian Kringe', 4, 74, 1.78, 6, '1982-08-18', '2001-01-01', 'Jugador'),
(769, 'Sead Kapetanovic', 23, 76, 1.83, 6, '1984-02-12', '2003-01-01', 'Jugador'),
(770, 'Bashiru Gambo', 12, 72, 1.75, 6, '1982-05-10', '2001-01-01', 'Jugador'),
(771, 'Tomas Rosicky', 2, 72, 1.76, 6, '1980-10-04', '1999-01-01', 'Jugador'),
(772, 'Otto Addo', 12, 74, 1.79, 6, '1975-06-09', '1998-01-01', 'Jugador'),
(773, 'Francis Bugri', 4, 75, 1.81, 6, '1982-11-12', '2001-01-01', 'Jugador'),
(774, 'Giuseppe Reina', 4, 76, 1.82, 6, '1975-07-05', '1998-01-01', 'Jugador'),
(775, 'David Odonkor', 4, 73, 1.78, 6, '1984-02-21', '2003-01-01', 'Jugador'),
(776, 'Jan Derek Sørensen', 29, 78, 1.85, 6, '1975-08-07', '1998-01-01', 'Jugador'),
(777, 'Conor Casey', 28, 79, 1.88, 6, '1981-07-25', '2000-01-01', 'Jugador'),
(778, 'Fredi Bobic', 4, 80, 1.90, 6, '1971-10-30', '1998-01-01', 'Jugador'),
(779, 'Ewerthon', 15, 75, 1.80, 6, '1981-06-10', '2000-01-01', 'Jugador'),
(780, 'Márcio Amoroso', 15, 77, 1.82, 6, '1974-07-05', '1998-01-01', 'Jugador'),
(781, 'Emmanuel Krontiris', 4, 76, 1.83, 6, '1984-01-19', '2003-01-01', 'Jugador'),
(782, 'Thomas Ernst', 4, 85, 1.85, 17, '1967-12-23', '1985-07-01', 'Jugador'),
(783, 'Timo Hildebrand', 4, 80, 1.90, 17, '1979-04-05', '1999-07-01', 'Jugador'),
(784, 'Ales Chvalovsky', 13, 90, 1.88, 17, '1979-05-29', '2000-07-01', 'Jugador'),
(785, 'Eberhard Trautner', 4, 88, 1.84, 17, '1967-02-07', '1986-07-01', 'Jugador'),
(786, 'Markus Miller', 4, 83, 1.87, 17, '1982-04-08', '2000-01-01', 'Jugador'),
(787, 'Thomas Schneider', 4, 86, 1.86, 17, '1972-11-24', '1991-07-01', 'Jugador'),
(788, 'Jochen Endreß', 4, 87, 1.88, 17, '1972-11-03', '1990-07-01', 'Jugador'),
(789, 'Rui Marques', 18, 84, 1.82, 17, '1977-09-03', '2001-07-01', 'Jugador'),
(790, 'Marcelo Bordon', 15, 89, 1.90, 17, '1976-01-07', '2000-01-01', 'Jugador'),
(791, 'Martin Spanring', 4, 82, 1.88, 17, '1969-10-14', '1997-07-01', 'Jugador'),
(792, 'Timo Wenzel', 4, 85, 1.86, 17, '1977-11-30', '2000-07-01', 'Jugador'),
(793, 'Steffen Dangelmayr', 4, 83, 1.85, 17, '1978-09-09', '2003-07-01', 'Jugador'),
(794, 'Fabio Morena', 4, 80, 1.80, 17, '1980-03-19', '2001-07-01', 'Jugador'),
(795, 'Stefan Blank', 4, 79, 1.82, 17, '1977-03-10', '2000-07-01', 'Jugador'),
(796, 'Heiko Gerber', 4, 78, 1.81, 17, '1972-07-11', '1999-08-01', 'Jugador'),
(797, 'Bradley Carnell', 24, 76, 1.74, 17, '1977-01-21', '1998-07-01', 'Jugador'),
(798, 'Andreas Hinkel', 4, 81, 1.83, 17, '1982-03-26', '2000-07-01', 'Jugador'),
(799, 'Pablo Thiam', 38, 85, 1.85, 17, '1974-01-03', '1998-07-01', 'Jugador'),
(800, 'Silvio Meißner', 4, 80, 1.80, 17, '1973-01-19', '2000-07-01', 'Jugador'),
(801, 'Jens Todt', 4, 82, 1.85, 17, '1970-01-05', '1999-07-01', 'Jugador'),
(802, 'Christian Tiffert', 4, 79, 1.83, 17, '1982-02-18', '2000-09-12', 'Jugador'),
(803, 'Zvonimir Soldo', 17, 85, 1.89, 17, '1967-11-02', '1996-07-01', 'Jugador'),
(804, 'Rüdiger Kauf', 4, 70, 1.72, 17, '1975-03-01', '1998-07-01', 'Jugador'),
(805, 'Jörn Schmiedel', 4, 75, 1.75, 17, '1978-09-13', '1995-01-01', 'Jugador'),
(806, 'Kristijan Djordjevic', 33, 78, 1.80, 17, '1976-01-06', '1996-07-01', 'Jugador'),
(807, 'Giuseppe Catizone', 16, 80, 1.80, 17, '1978-08-22', '1999-07-01', 'Jugador'),
(808, 'Roberto Pinto', 25, 70, 1.69, 17, '1978-08-22', '1999-07-01', 'Jugador'),
(809, 'Krasimir Balakov', 11, 75, 1.76, 17, '1966-03-29', '1995-07-01', 'Jugador'),
(810, 'Aleksandr Hleb', 14, 70, 1.75, 17, '1981-05-01', '2009-07-30', 'Jugador'),
(811, 'Krisztián Lisztes', 30, 74, 1.80, 17, '1976-07-02', '1997-01-01', 'Jugador'),
(812, 'Jochen Seitz', 4, 80, 1.87, 17, '1976-10-11', '2000-07-01', 'Jugador'),
(813, 'Pavel Kuka', 2, 82, 1.83, 17, '1968-07-19', '1999-07-01', 'Jugador'),
(814, 'Ionel Ganea', 32, 79, 1.83, 17, '1973-08-10', '1999-07-01', 'Jugador'),
(815, 'Adhemar', 15, 85, 1.86, 17, '1972-04-27', '2001-01-01', 'Jugador'),
(816, 'Ahmed Salah Hosny', 28, 77, 1.79, 17, '1979-07-11', '1999-01-01', 'Jugador'),
(817, 'Ioannis Amanatidis', 36, 78, 1.81, 17, '1981-12-03', '2000-07-01', 'Jugador'),
(818, 'Sean Dundee', 17, 80, 1.82, 17, '1972-12-07', '1999-07-01', 'Jugador'),
(819, 'Angelo Vaccaro', 16, 77, 1.75, 17, '1981-10-04', '2000-01-01', 'Jugador'),
(820, 'Andreas Reinke', 4, 85, 1.85, 4, '1969-01-10', '2003-07-01', 'Jugador'),
(821, 'Pascal Borel', 4, 92, 1.92, 4, '1978-09-26', '1998-07-01', 'Jugador'),
(822, 'Alexander Walke', 4, 89, 1.89, 4, '1983-06-06', '2000-10-07', 'Jugador'),
(823, 'Mladen Krstajic', 33, 91, 1.91, 4, '1974-03-04', '2000-07-01', 'Jugador'),
(824, 'Valérien Ismaël', 6, 91, 1.91, 4, '1975-09-28', '2004-07-01', 'Jugador'),
(825, 'Christian Schulz', 4, 85, 1.85, 4, '1983-04-01', '2002-07-01', 'Jugador'),
(826, 'Manuel Friedrich', 4, 78, 1.93, 4, '1979-09-13', '2002-07-01', 'Jugador'),
(827, 'Viktor Skrypnyk', 34, 84, 1.84, 4, '1969-11-19', '1996-07-01', 'Jugador'),
(828, 'Ludovic Magnin', 3, 85, 1.85, 4, '1979-04-20', '2002-01-01', 'Jugador'),
(829, 'Paul Stalteri', 28, 81, 1.81, 4, '1977-10-18', '2000-07-01', 'Jugador'),
(830, 'Fabian Ernst', 4, 83, 1.83, 4, '1980-01-01', '2000-07-11', 'Jugador'),
(831, 'Frank Baumann', 4, 87, 1.87, 4, '1975-10-29', '1999-07-01', 'Jugador'),
(832, 'Ivica Banovic', 17, 86, 1.86, 4, '1980-08-02', '2000-07-01', 'Jugador'),
(833, 'Pekka Lagerblom', 5, 87, 1.72, 4, '1982-10-19', '2004-01-01', 'Jugador'),
(834, 'Simon Rolfes', 4, 91, 1.91, 4, '1982-01-21', '2001-07-01', 'Jugador'),
(835, 'Stefan Beckert', 4, 69, 1.80, 4, '1982-05-03', '2002-07-01', 'Jugador'),
(836, 'Tim Borowski', 10, 74, 1.73, 4, '1980-05-02', '2009-07-22', 'Jugador'),
(837, 'Christian Lenze', 4, 77, 1.77, 4, '1977-04-26', '1997-10-19', 'Jugador'),
(838, 'Ümit Davala', 22, 86, 1.86, 4, '1973-07-30', '2004-07-01', 'Jugador'),
(839, 'Holger Wehlage', 4, 79, 1.73, 4, '1976-07-03', '2001-07-01', 'Jugador'),
(840, 'Marco Reich', 4, 69, 1.91, 4, '1977-12-30', '2002-07-01', 'Jugador'),
(841, 'Krisztián Lisztes', 30, 68, 1.70, 4, '1976-07-02', '2001-07-01', 'Jugador'),
(842, 'Johan Micoud', 6, 67, 1.80, 4, '1973-07-24', '2002-08-30', 'Jugador'),
(843, 'Marco Stier', 4, 80, 1.80, 4, '1983-01-01', '2002-07-01', 'Jugador'),
(844, 'Angelos Charisteas', 36, 70, 1.77, 4, '1980-02-09', '2002-07-01', 'Jugador'),
(845, 'Ivan Klasnic', 17, 78, 1.88, 4, '1980-01-29', '2001-07-01', 'Jugador'),
(846, 'Markus Daun', 4, 85, 1.85, 4, '1980-09-10', '2002-07-01', 'Jugador'),
(847, 'Aílton', 15, 85, 1.85, 4, '1973-07-19', '1998-10-15', 'Jugador'),
(848, 'Nelson Valdez', 27, 79, 1.79, 4, '1983-11-28', '2001-01-01', 'Jugador'),
(849, 'Holger Hiemann', 4, 75, 1.72, 18, '1968-01-12', '1997-07-01', 'Jugador'),
(850, 'Stephan Loboué', 32, 94, 1.94, 18, '1981-08-23', '2000-07-01', 'Jugador'),
(851, 'Thomas Hengen', 4, 84, 1.84, 18, '1974-09-22', '2000-01-14', 'Jugador'),
(852, 'Waldemar Kryger', 10, 69, 1.85, 18, '1968-11-08', '1997-07-01', 'Jugador'),
(853, 'Brian O\'Neil', 9, 79, 1.87, 18, '1972-09-06', '1998-07-01', 'Jugador'),
(854, 'Emeka Ifejiagwa', 14, 84, 1.84, 18, '1977-10-30', '2001-07-01', 'Jugador'),
(855, 'Claus Thomsen', 8, 87, 1.70, 18, '1970-05-31', '1999-01-01', 'Jugador'),
(856, 'Marino Biliskov', 17, 95, 1.92, 18, '1976-03-17', '1999-07-01', 'Jugador'),
(857, 'Stefan Schnoor', 4, 75, 1.87, 18, '1971-04-18', '2000-11-14', 'Jugador'),
(858, 'Marcel Maltritz', 4, 86, 1.86, 18, '1978-10-02', '1999-01-01', 'Jugador'),
(859, 'Stefan Lorenz', 4, 87, 1.87, 18, '1981-09-19', '2002-01-01', 'Jugador'),
(860, 'Patrick Weiser', 4, 77, 1.83, 18, '1971-12-25', '1999-07-01', 'Jugador'),
(861, 'Zoltan Sebescen', 4, 89, 1.89, 18, '1975-10-01', '1999-07-01', 'Jugador'),
(862, 'Andreas Voss', 4, 86, 1.86, 18, '1980-01-01', '2000-08-01', 'Jugador'),
(863, 'Krzysztof Nowak', 10, 87, 1.82, 18, '1975-09-27', '1998-07-01', 'Jugador'),
(864, 'Dorinel Munteanu', 33, 70, 1.70, 18, '1968-06-25', '1999-07-01', 'Jugador'),
(865, 'Dietmar Kühbauer', 27, 74, 1.74, 18, '1971-04-04', '2000-07-01', 'Jugador'),
(866, 'Charles Akonnor', 12, 82, 1.82, 18, '1974-03-12', '1998-07-01', 'Jugador'),
(867, 'Frank Greiner', 4, 73, 1.73, 18, '1966-07-03', '1997-09-08', 'Jugador'),
(868, 'Sven Müller', 4, 91, 1.91, 18, '1982-01-01', '2000-07-01', 'Jugador'),
(869, 'Benjamin Siegert', 4, 76, 1.76, 18, '1981-07-07', '2001-07-01', 'Jugador'),
(870, 'Martin Wagner', 4, 71, 1.78, 18, '1968-02-24', '2000-07-01', 'Jugador'),
(871, 'Andrzej Juskowiak', 10, 85, 1.85, 18, '1970-11-03', '1998-07-01', 'Jugador'),
(872, 'Tomislav Maric', 17, 70, 1.73, 18, '1973-01-28', '2000-07-01', 'Jugador'),
(873, 'Jürgen Rische', 4, 73, 1.75, 18, '1970-10-30', '2000-01-01', 'Jugador'),
(874, 'Jonathan Akpoborie', 14, 75, 1.74, 18, '1968-10-20', '1999-07-01', 'Jugador'),
(875, 'Markus Feldhoff', 4, 85, 1.83, 18, '1974-08-29', '1999-07-01', 'Jugador'),
(876, 'Mike Busch', 4, 73, 1.80, 18, '1981-04-05', '2000-07-01', 'Jugador'),
(877, 'Joshua Kennedy', 28, 79, 1.78, 18, '1982-08-20', '2000-07-01', 'Jugador'),
(878, 'Eduardo Dos Santos Haesler', 4, 89, 1.96, 6, '1999-02-10', '2017-01-01', 'Jugador'),
(879, 'Neven Subotic', 4, 89, 1.93, 6, '1988-12-10', '2008-07-01', 'Jugador'),
(880, 'Lasse Sobiech', 4, 89, 1.96, 6, '1991-01-18', '2010-07-01', 'Jugador'),
(881, 'Marc Hornschuh', 4, 89, 1.88, 6, '1991-03-02', '2009-07-01', 'Jugador'),
(882, 'Marcel Schmelzer', 4, 89, 1.80, 6, '1988-01-22', '2008-07-01', 'Jugador'),
(883, 'Kevin Großkreutz', 4, 89, 1.86, 6, '1988-07-19', '2009-07-01', 'Jugador'),
(884, 'Lukasz Piszczek', 10, 89, 1.84, 6, '1985-06-03', '2010-07-01', 'Jugador'),
(885, 'Patrick Owomoyela', 4, 89, 1.87, 6, '1979-11-05', '2008-07-01', 'Jugador'),
(886, 'Nuri Şahin', 22, 89, 1.80, 6, '1988-09-05', '2014-07-01', 'Jugador'),
(887, 'Sven Bender', 4, 89, 1.86, 6, '1989-04-27', '2009-07-01', 'Jugador'),
(888, 'Sebastian Kehl', 4, 89, 1.87, 6, '1980-02-13', '2002-06-01', 'Jugador'),
(889, 'Damien Le Tallec', 6, 89, 1.86, 6, '1990-04-19', '2009-08-06', 'Jugador'),
(890, 'Florian Kringe', 4, 89, 1.00, 6, '1982-08-18', '2001-07-01', 'Jugador'),
(891, 'Markus Feulner', 4, 89, 1.83, 6, '1982-02-12', '2009-07-01', 'Jugador'),
(892, 'Shinji Kagawa', 7, 89, 1.75, 6, '1989-03-17', '2014-08-31', 'Jugador'),
(893, 'Tamás Hajnal', 30, 89, 1.67, 6, '1981-03-15', '2008-07-01', 'Jugador'),
(894, 'Antônio da Silva', 15, 89, 1.00, 6, '1978-06-13', '2010-08-31', 'Jugador'),
(895, 'Marco Stiepermann', 4, 89, 1.90, 6, '1991-02-09', '2010-07-01', 'Jugador'),
(896, 'Yasin Öztekin', 22, 89, 1.79, 6, '1987-03-19', '2009-07-01', 'Jugador'),
(897, 'Jakub Blaszczykowski', 10, 89, 1.76, 6, '1985-12-14', '2007-07-01', 'Jugador'),
(898, 'Mohamed Zidan', 12, 89, 1.72, 6, '1981-12-11', '2008-08-17', 'Jugador'),
(899, 'Dimitar Rangelov', 18, 89, 1.83, 6, '1983-02-09', '2009-07-01', 'Jugador'),
(900, 'Lucas Barrios', 16, 89, 1.89, 6, '1984-11-13', '2009-07-26', 'Jugador'),
(901, 'Robert Lewandowski', 10, 89, 1.85, 6, '1988-08-21', '2010-07-01', 'Jugador'),
(902, 'Daniel Ginczek', 4, 89, 1.91, 6, '1991-04-13', '2010-07-01', 'Jugador'),
(903, 'René Adler', 4, 89, 1.96, 13, '1985-01-15', '2003-07-01', 'Jugador'),
(904, 'Fabian Giefer', 4, 89, 1.96, 13, '1990-05-17', '2009-07-01', 'Jugador'),
(905, 'Benedikt Fernandez', 4, 89, 1.00, 13, '1985-01-08', '2006-07-01', 'Jugador'),
(906, 'Tomasz Bobel', 10, 89, 1.00, 13, '1974-12-29', '2009-09-01', 'Jugador'),
(907, 'Michal Kadlec', 1, 89, 1.85, 13, '1984-12-13', '2009-01-01', 'Jugador'),
(908, 'Daniel Schwaab', 4, 89, 1.86, 13, '1988-08-23', '2009-07-01', 'Jugador'),
(909, 'Manuel Friedrich', 4, 89, 1.00, 13, '1979-09-13', '2007-07-01', 'Jugador'),
(910, 'Domagoj Vida', 17, 89, 1.84, 13, '1989-04-29', '2010-07-01', 'Jugador'),
(911, 'Julian Riedel', 4, 89, 1.84, 13, '1991-08-10', '0000-00-00', 'Jugador'),
(912, 'Tobias Haitz', 4, 89, 1.00, 13, '1992-02-12', '0000-00-00', 'Jugador'),
(913, 'Sami Hyypiä', 5, 89, 1.00, 13, '1973-10-07', '2009-07-01', 'Jugador'),
(914, 'Hans Sarpei', 12, 89, 1.78, 13, '1976-06-28', '2007-07-01', 'Jugador'),
(915, 'Danny da Costa', 4, 89, 1.87, 13, '1993-07-13', '2016-07-01', 'Jugador'),
(916, 'Stefan Reinartz', 4, 89, 1.00, 13, '1989-01-01', '2008-07-01', 'Jugador'),
(917, 'Simon Rolfes', 4, 89, 1.91, 13, '1982-01-21', '2005-07-01', 'Jugador'),
(918, 'Lars Bender', 4, 89, 1.85, 13, '1989-04-27', '2009-08-18', 'Jugador'),
(919, 'Hanno Balitsch', 4, 89, 1.82, 13, '1981-01-02', '2010-07-01', 'Jugador'),
(920, 'Arturo Vidal', 15, 89, 1.80, 13, '1987-05-22', '2007-07-01', 'Jugador'),
(921, 'Renato Augusto', 15, 89, 1.86, 13, '1988-02-08', '2008-07-11', 'Jugador'),
(922, 'Gonzalo Castro', 4, 89, 1.72, 13, '1987-06-11', '2005-01-01', 'Jugador'),
(923, 'Michael Ballack', 4, 89, 1.00, 13, '1976-09-26', '2010-07-01', 'Jugador'),
(924, 'Kevin Kampl', 34, 89, 1.78, 13, '1990-10-09', '2015-08-28', 'Jugador'),
(925, 'Tranquillo Barnetta', 3, 89, 1.00, 13, '1985-05-22', '2004-07-01', 'Jugador'),
(926, 'Burak Kaplan', 22, 89, 1.00, 13, '1990-02-01', '2009-07-01', 'Jugador'),
(927, 'Sidney Sam', 4, 89, 1.74, 13, '1988-01-31', '2010-07-01', 'Jugador'),
(928, 'Marcel Risse', 4, 89, 1.83, 13, '1989-12-17', '2008-07-01', 'Jugador'),
(929, 'Stefan Kießling', 4, 89, 1.91, 13, '1984-01-25', '2006-07-01', 'Jugador'),
(930, 'Eren Derdiyok', 23, 89, 1.91, 13, '1988-06-12', '2013-08-30', 'Jugador'),
(931, 'Patrick Helmes', 4, 89, 1.82, 13, '1984-03-01', '2008-07-01', 'Jugador'),
(932, 'Nicolai Jörgensen', 8, 89, 1.90, 13, '1991-01-15', '2010-07-07', 'Jugador'),
(933, 'Ralf Fährmann', 4, 89, 1.97, 19, '1988-09-27', '2011-07-01', 'Jugador'),
(934, 'Alexander Nübel', 4, 89, 1.93, 19, '1996-09-30', '2015-08-27', 'Jugador'),
(935, 'Michael Langer', 27, 89, 1.95, 19, '1985-01-06', '2017-08-04', 'Jugador'),
(936, 'Thilo Kehrer', 4, 89, 1.86, 19, '1996-09-21', '2015-07-01', 'Jugador'),
(937, 'Matija Nastasic', 33, 89, 1.88, 19, '1993-03-28', '2015-07-01', 'Jugador'),
(938, 'Benedikt Höwedes', 4, 89, 1.00, 19, '1988-02-29', '2007-07-01', 'Jugador'),
(939, 'Pablo Insua', 27, 89, 1.87, 19, '1993-09-09', '2017-07-01', 'Jugador'),
(940, 'Naldo', 15, 89, 1.00, 19, '1982-09-10', '2016-07-01', 'Jugador'),
(941, 'Abdul Rahman Baba', 12, 89, 1.79, 19, '1994-07-02', '2018-01-29', 'Jugador'),
(942, 'Bastian Oczipka', 4, 89, 1.85, 19, '1989-01-12', '2017-07-15', 'Jugador'),
(943, 'Coke', 37, 89, 1.76, 19, '1987-04-26', '2016-08-03', 'Jugador'),
(944, 'Sascha Riether', 4, 89, 1.00, 19, '1983-03-23', '2017-10-06', 'Jugador'),
(945, 'Benjamin Stambouli', 6, 89, 1.80, 19, '1990-08-13', '2016-08-26', 'Jugador'),
(946, 'Johannes Geis', 4, 89, 1.81, 19, '1993-08-17', '2015-07-01', 'Jugador'),
(947, 'Leon Goretzka', 4, 89, 1.89, 19, '1995-02-06', '2013-07-02', 'Jugador'),
(948, 'Nabil Bentaleb', 33, 89, 1.87, 19, '1994-11-24', '2017-07-01', 'Jugador'),
(949, 'Weston McKennie', 28, 89, 1.85, 19, '1998-08-28', '2017-07-01', 'Jugador'),
(950, 'Amine Harit', 39, 89, 1.80, 19, '1997-06-18', '2017-07-10', 'Jugador'),
(951, 'Max Meyer', 4, 89, 1.73, 19, '1995-09-18', '2013-01-01', 'Jugador'),
(952, 'Alessandro Schöpf', 27, 89, 1.78, 19, '1994-02-07', '2016-07-01', 'Jugador'),
(953, 'Marko Pjaca', 17, 89, 1.86, 19, '1995-05-06', '2018-01-04', 'Jugador'),
(954, 'Yevgen Konoplyanka', 34, 89, 1.76, 19, '1989-09-29', '2017-07-01', 'Jugador'),
(955, 'Fabian Reese', 4, 89, 1.87, 19, '1997-11-29', '2016-07-01', 'Jugador'),
(956, 'Daniel Caligiuri', 20, 89, 1.82, 19, '1988-01-15', '2017-01-25', 'Jugador'),
(957, 'Bernard Tekpetey', 12, 89, 1.72, 19, '1997-09-03', '2019-07-01', 'Jugador'),
(958, 'Breel Embolo', 31, 89, 1.87, 19, '1997-02-14', '2016-07-01', 'Jugador'),
(959, 'Guido Burgstaller', 27, 89, 1.87, 19, '1989-04-29', '2017-01-09', 'Jugador'),
(960, 'Franco Di Santo', 15, 89, 1.93, 19, '1989-04-07', '2015-07-25', 'Jugador'),
(961, 'Cedric Teuchert', 4, 89, 1.82, 19, '1997-01-14', '2018-03-01', 'Jugador'),
(962, 'Tony Yeboah', 12, 77, 1.83, 22, '1966-06-06', '1982-01-01', 'Jugador'),
(963, 'Michael Preetz', 4, 73, 1.92, 24, '1967-08-17', '1981-01-01', 'Jugador'),
(964, 'Martin Max ', 10, 78, 1.82, 23, '1968-08-07', '1983-01-01', 'Jugador'),
(965, 'Sergej Barbarez', 23, 76, 1.84, 25, '1971-09-17', '1989-01-01', 'Jugador'),
(966, 'Thomas Christiansen ', 37, 82, 1.80, 25, '1973-03-11', '1989-01-01', 'Jugador'),
(967, 'Marek Mintál ', 35, 79, 1.86, 20, '1977-09-02', '1994-01-01', 'Jugador'),
(968, 'Miroslav Klose ', 4, 84, 1.82, 4, '1978-06-09', '1994-01-01', 'Jugador'),
(969, 'Theofanis Gekas  ', 36, 84, 1.81, 3, '1980-05-23', '1998-01-01', 'Jugador'),
(970, 'Luca Toni  ', 16, 79, 1.93, 16, '1977-05-26', '1987-01-01', 'Jugador'),
(971, 'Grafite ', 15, 75, 1.89, 18, '1979-04-02', '1994-01-01', 'Jugador'),
(972, 'Edin Džeko ', 23, 80, 1.93, 18, '1986-03-17', '2003-01-01', 'Jugador'),
(973, 'Mario Gómez', 4, 89, 1.90, 16, '1985-07-10', '2005-01-01', 'Jugador'),
(974, 'Marc-André ter Stegen', 4, 85, 1.87, 16, '1992-04-30', '2009-01-01', 'Jugador'),
(975, ' Alexander Meier ', 4, 80, 1.98, 16, '1983-07-17', '2003-04-15', 'Jugador'),
(976, ' Pierre Emerick Aubameyang ', 6, 80, 1.87, 16, '1989-06-18', '2009-08-21', 'Jugador'),
(977, ' Christopher Nkunku  ', 6, 73, 1.75, 10, '1997-11-14', '2017-10-27', 'Jugador');

-- --------------------------------------------------------

--
-- Estructura de tabla para la tabla `jugador_equipo`
--

CREATE TABLE `jugador_equipo` (
  `Id` int(11) NOT NULL,
  `Jugador` int(11) DEFAULT NULL,
  `Equipo` int(11) DEFAULT NULL,
  `temporadas` int(11) DEFAULT NULL
) ENGINE=InnoDB DEFAULT CHARSET=utf8mb4 COLLATE=utf8mb4_general_ci;

--
-- Volcado de datos para la tabla `jugador_equipo`
--

INSERT INTO `jugador_equipo` (`Id`, `Jugador`, `Equipo`, `temporadas`) VALUES
(1, 559, 16, 1),
(2, 560, 16, 1),
(3, 561, 16, 1),
(4, 562, 16, 1),
(5, 563, 16, 1),
(6, 564, 16, 1),
(7, 565, 16, 1),
(8, 566, 16, 1),
(9, 567, 16, 1),
(10, 568, 16, 1),
(11, 569, 16, 1),
(12, 570, 16, 1),
(13, 571, 16, 1),
(14, 572, 16, 1),
(15, 573, 16, 1),
(16, 574, 16, 1),
(17, 575, 16, 1),
(18, 576, 16, 1),
(19, 577, 16, 1),
(20, 578, 16, 1),
(21, 579, 16, 1),
(22, 580, 16, 1),
(23, 581, 16, 1),
(24, 582, 16, 1),
(25, 583, 16, 1),
(26, 584, 16, 1),
(27, 585, 16, 1),
(28, 586, 16, 1),
(29, 587, 16, 1),
(30, 588, 16, 1),
(31, 559, 16, 1),
(32, 560, 16, 1),
(33, 561, 16, 1),
(34, 562, 16, 1),
(35, 563, 16, 1),
(36, 564, 16, 1),
(37, 565, 16, 1),
(38, 566, 16, 1),
(39, 567, 16, 1),
(40, 568, 16, 1),
(41, 569, 16, 1),
(42, 570, 16, 1),
(43, 571, 16, 1),
(44, 572, 16, 1),
(45, 573, 16, 1),
(46, 574, 16, 1),
(47, 575, 16, 1),
(48, 576, 16, 1),
(49, 577, 16, 1),
(50, 578, 16, 1),
(51, 579, 16, 1),
(52, 580, 16, 1),
(53, 581, 16, 1),
(54, 582, 16, 1),
(55, 583, 16, 1),
(56, 584, 16, 1),
(57, 585, 16, 1),
(58, 586, 16, 1),
(59, 587, 16, 1),
(60, 588, 16, 1),
(61, 589, 21, 1),
(62, 590, 21, 1),
(63, 591, 21, 1),
(64, 592, 21, 1),
(65, 593, 21, 1),
(66, 594, 21, 1),
(67, 595, 21, 1),
(68, 596, 21, 1),
(69, 597, 21, 1),
(70, 598, 21, 1),
(71, 599, 21, 1),
(72, 600, 21, 1),
(73, 601, 21, 1),
(74, 602, 21, 1),
(75, 603, 21, 1),
(76, 604, 21, 1),
(77, 605, 21, 1),
(78, 606, 21, 1),
(79, 607, 21, 1),
(80, 608, 21, 1),
(81, 609, 21, 1),
(82, 610, 21, 1),
(83, 611, 21, 1),
(84, 612, 21, 1),
(85, 613, 21, 1),
(86, 614, 21, 1),
(87, 615, 21, 1),
(88, 616, 21, 1),
(89, 617, 21, 1),
(90, 618, 21, 1),
(91, 619, 6, 3),
(92, 620, 6, 3),
(93, 621, 6, 3),
(94, 622, 6, 3),
(95, 623, 6, 3),
(96, 624, 6, 3),
(97, 625, 6, 3),
(98, 626, 6, 3),
(99, 627, 6, 3),
(100, 628, 6, 3),
(101, 629, 6, 3),
(102, 630, 6, 3),
(103, 631, 6, 3),
(104, 632, 6, 3),
(105, 633, 6, 3),
(106, 634, 6, 3),
(107, 635, 6, 3),
(108, 636, 6, 3),
(109, 637, 6, 3),
(110, 638, 6, 3),
(111, 639, 6, 3),
(112, 640, 6, 3),
(113, 641, 6, 3),
(114, 642, 6, 3),
(115, 643, 6, 3),
(116, 644, 4, 3),
(117, 645, 4, 3),
(118, 646, 4, 3),
(119, 647, 4, 3),
(120, 648, 4, 3),
(121, 649, 4, 3),
(122, 650, 4, 3),
(123, 651, 4, 3),
(124, 652, 4, 3),
(125, 653, 4, 3),
(126, 654, 4, 3),
(127, 655, 4, 3),
(128, 656, 4, 3),
(129, 657, 4, 3),
(130, 658, 4, 3),
(131, 659, 4, 3),
(132, 660, 4, 3),
(133, 661, 4, 3),
(134, 662, 4, 3),
(135, 663, 4, 3),
(136, 664, 4, 3),
(137, 665, 4, 3),
(138, 666, 4, 3),
(139, 667, 4, 3),
(140, 668, 4, 3),
(141, 669, 4, 3),
(142, 670, 4, 3),
(143, 619, 6, 5),
(144, 620, 6, 5),
(145, 621, 6, 5),
(146, 622, 6, 5),
(147, 623, 6, 5),
(148, 624, 6, 5),
(149, 625, 6, 5),
(150, 626, 6, 5),
(151, 627, 6, 5),
(152, 628, 6, 5),
(153, 629, 6, 5),
(154, 630, 6, 5),
(155, 631, 6, 5),
(156, 632, 6, 5),
(157, 633, 6, 5),
(158, 634, 6, 5),
(159, 635, 6, 5),
(160, 636, 6, 5),
(161, 637, 6, 5),
(162, 638, 6, 5),
(163, 639, 6, 5),
(164, 640, 6, 5),
(165, 641, 6, 5),
(166, 642, 6, 5),
(167, 671, 6, 5),
(168, 644, 4, 5),
(169, 645, 4, 5),
(170, 646, 4, 5),
(171, 647, 4, 5),
(172, 648, 4, 5),
(173, 649, 4, 5),
(174, 650, 4, 5),
(175, 651, 4, 5),
(176, 652, 4, 5),
(177, 653, 4, 5),
(178, 654, 4, 5),
(179, 655, 4, 5),
(180, 656, 4, 5),
(181, 657, 4, 5),
(182, 658, 4, 5),
(183, 659, 4, 5),
(184, 660, 4, 5),
(185, 661, 4, 5),
(186, 662, 4, 5),
(187, 663, 4, 5),
(188, 664, 4, 5),
(189, 665, 4, 5),
(190, 666, 4, 5),
(191, 667, 4, 5),
(192, 668, 4, 5),
(193, 669, 4, 5),
(194, 670, 4, 5),
(195, 559, 16, 6),
(196, 560, 16, 6),
(197, 561, 16, 6),
(198, 562, 16, 6),
(199, 563, 16, 6),
(200, 564, 16, 6),
(201, 565, 16, 6),
(202, 566, 16, 6),
(203, 567, 16, 6),
(204, 568, 16, 6),
(205, 569, 16, 6),
(206, 570, 16, 6),
(207, 571, 16, 6),
(208, 572, 16, 6),
(209, 573, 16, 6),
(210, 574, 16, 6),
(211, 575, 16, 6),
(212, 576, 16, 6),
(213, 577, 16, 6),
(214, 578, 16, 6),
(215, 579, 16, 6),
(216, 580, 16, 6),
(217, 581, 16, 6),
(218, 582, 16, 6),
(219, 583, 16, 6),
(220, 584, 16, 6),
(221, 585, 16, 6),
(222, 586, 16, 6),
(223, 587, 16, 6),
(224, 588, 16, 6),
(225, 672, 13, 6),
(226, 673, 13, 6),
(227, 674, 13, 6),
(228, 675, 13, 6),
(229, 676, 13, 6),
(230, 677, 13, 6),
(231, 678, 13, 6),
(232, 679, 13, 6),
(233, 680, 13, 6),
(234, 681, 13, 6),
(235, 682, 13, 6),
(236, 683, 13, 6),
(237, 684, 13, 6),
(238, 685, 13, 6),
(239, 686, 13, 6),
(240, 687, 13, 6),
(241, 688, 13, 6),
(242, 689, 13, 6),
(243, 690, 13, 6),
(244, 691, 13, 6),
(245, 692, 13, 6),
(246, 693, 13, 6),
(247, 694, 13, 6),
(248, 695, 13, 6),
(249, 696, 13, 6),
(250, 697, 13, 6),
(251, 698, 13, 6),
(252, 699, 13, 6),
(253, 589, 21, 7),
(254, 590, 21, 7),
(255, 591, 21, 7),
(256, 592, 21, 7),
(257, 593, 21, 7),
(258, 594, 21, 7),
(259, 595, 21, 7),
(260, 596, 21, 7),
(261, 597, 21, 7),
(262, 598, 21, 7),
(263, 599, 21, 7),
(264, 600, 21, 7),
(265, 601, 21, 7),
(266, 602, 21, 7),
(267, 603, 21, 7),
(268, 604, 21, 7),
(269, 605, 21, 7),
(270, 606, 21, 7),
(271, 607, 21, 7),
(272, 608, 21, 7),
(273, 609, 21, 7),
(274, 610, 21, 7),
(275, 611, 21, 7),
(276, 612, 21, 7),
(277, 613, 21, 7),
(278, 614, 21, 7),
(279, 615, 21, 7),
(280, 616, 21, 7),
(281, 617, 21, 7),
(282, 618, 21, 7),
(283, 559, 16, 7),
(284, 560, 16, 7),
(285, 561, 16, 7),
(286, 562, 16, 7),
(287, 563, 16, 7),
(288, 564, 16, 7),
(289, 565, 16, 7),
(290, 566, 16, 7),
(291, 567, 16, 7),
(292, 568, 16, 7),
(293, 569, 16, 7),
(294, 570, 16, 7),
(295, 571, 16, 7),
(296, 572, 16, 7),
(297, 573, 16, 7),
(298, 574, 16, 7),
(299, 575, 16, 7),
(300, 576, 16, 7),
(301, 577, 16, 7),
(302, 578, 16, 7),
(303, 560, 16, 8),
(304, 565, 16, 8),
(305, 580, 16, 8),
(306, 584, 16, 8),
(307, 700, 16, 8),
(308, 701, 16, 8),
(309, 702, 16, 8),
(310, 703, 16, 8),
(311, 704, 16, 8),
(312, 705, 16, 8),
(313, 706, 16, 8),
(314, 707, 16, 8),
(315, 708, 16, 8),
(316, 709, 16, 8),
(317, 710, 16, 8),
(318, 711, 16, 8),
(319, 712, 16, 8),
(320, 713, 16, 8),
(321, 714, 16, 8),
(322, 715, 16, 8),
(323, 716, 16, 8),
(324, 717, 16, 8),
(325, 718, 16, 8),
(326, 719, 16, 8),
(327, 720, 16, 8),
(328, 721, 16, 8),
(329, 722, 16, 8),
(330, 672, 13, 8),
(331, 673, 13, 8),
(332, 674, 13, 8),
(333, 675, 13, 8),
(334, 676, 13, 8),
(335, 677, 13, 8),
(336, 678, 13, 8),
(337, 679, 13, 8),
(338, 680, 13, 8),
(339, 681, 13, 8),
(340, 682, 13, 8),
(341, 683, 13, 8),
(342, 684, 13, 8),
(343, 685, 13, 8),
(344, 686, 13, 8),
(345, 687, 13, 8),
(346, 688, 13, 8),
(347, 689, 13, 8),
(348, 690, 13, 8),
(349, 691, 13, 8),
(350, 692, 13, 8),
(351, 693, 13, 8),
(352, 694, 13, 8),
(353, 695, 13, 8),
(354, 696, 13, 8),
(355, 697, 13, 8),
(356, 698, 13, 8),
(357, 699, 13, 8),
(358, 560, 16, 9),
(359, 565, 16, 9),
(360, 580, 16, 9),
(361, 584, 16, 9),
(362, 700, 16, 9),
(363, 701, 16, 9),
(364, 702, 16, 9),
(365, 703, 16, 9),
(366, 704, 16, 9),
(367, 705, 16, 9),
(368, 706, 16, 9),
(369, 707, 16, 9),
(370, 708, 16, 9),
(371, 709, 16, 9),
(372, 710, 16, 9),
(373, 711, 16, 9),
(374, 712, 16, 9),
(375, 713, 16, 9),
(376, 714, 16, 9),
(377, 715, 16, 9),
(378, 716, 16, 9),
(379, 717, 16, 9),
(380, 718, 16, 9),
(381, 719, 16, 9),
(382, 720, 16, 9),
(383, 721, 16, 9),
(384, 722, 16, 9),
(385, 672, 13, 9),
(386, 673, 13, 9),
(387, 674, 13, 9),
(388, 675, 13, 9),
(389, 676, 13, 9),
(390, 677, 13, 9),
(391, 678, 13, 9),
(392, 679, 13, 9),
(393, 680, 13, 9),
(394, 681, 13, 9),
(395, 682, 13, 9),
(396, 683, 13, 9),
(397, 684, 13, 9),
(398, 685, 13, 9),
(399, 686, 13, 9),
(400, 687, 13, 9),
(401, 688, 13, 9),
(402, 689, 13, 9),
(403, 690, 13, 9),
(404, 691, 13, 9),
(405, 692, 13, 9),
(406, 693, 13, 9),
(407, 694, 13, 9),
(408, 695, 13, 9),
(409, 696, 13, 9),
(410, 697, 13, 9),
(411, 698, 13, 9),
(412, 699, 13, 9),
(413, 560, 16, 10),
(414, 565, 16, 10),
(415, 580, 16, 10),
(416, 584, 16, 10),
(417, 700, 16, 10),
(418, 701, 16, 10),
(419, 702, 16, 10),
(420, 703, 16, 10),
(421, 704, 16, 10),
(422, 705, 16, 10),
(423, 706, 16, 10),
(424, 707, 16, 10),
(425, 708, 16, 10),
(426, 709, 16, 10),
(427, 710, 16, 10),
(428, 711, 16, 10),
(429, 712, 16, 10),
(430, 713, 16, 10),
(431, 714, 16, 10),
(432, 715, 16, 10),
(433, 716, 16, 10),
(434, 717, 16, 10),
(435, 718, 16, 10),
(436, 719, 16, 10),
(437, 720, 16, 10),
(438, 721, 16, 10),
(439, 722, 16, 10),
(440, 645, 19, 10),
(441, 723, 19, 10),
(442, 724, 19, 10),
(443, 725, 19, 10),
(444, 726, 19, 10),
(445, 727, 19, 10),
(446, 728, 19, 10),
(447, 729, 19, 10),
(448, 730, 19, 10),
(449, 731, 19, 10),
(450, 732, 19, 10),
(451, 733, 19, 10),
(452, 734, 19, 10),
(453, 735, 19, 10),
(454, 736, 19, 10),
(455, 737, 19, 10),
(456, 738, 19, 10),
(457, 739, 19, 10),
(458, 740, 19, 10),
(459, 741, 19, 10),
(460, 742, 19, 10),
(461, 743, 19, 10),
(462, 744, 19, 10),
(463, 745, 19, 10),
(464, 746, 19, 10),
(465, 747, 19, 10),
(466, 748, 19, 10),
(467, 749, 19, 10),
(468, 750, 19, 10),
(469, 751, 19, 10),
(470, 752, 19, 10),
(471, 753, 19, 10),
(472, 634, 6, 12),
(473, 638, 6, 12),
(474, 754, 6, 12),
(475, 755, 6, 12),
(476, 756, 6, 12),
(477, 757, 6, 12),
(478, 758, 6, 12),
(479, 759, 6, 12),
(480, 760, 6, 12),
(481, 761, 6, 12),
(482, 762, 6, 12),
(483, 763, 6, 12),
(484, 764, 6, 12),
(485, 765, 6, 12),
(486, 766, 6, 12),
(487, 767, 6, 12),
(488, 768, 6, 12),
(489, 769, 6, 12),
(490, 770, 6, 12),
(491, 771, 6, 12),
(492, 772, 6, 12),
(493, 773, 6, 12),
(494, 774, 6, 12),
(495, 775, 6, 12),
(496, 776, 6, 12),
(497, 777, 6, 12),
(498, 778, 6, 12),
(499, 779, 6, 12),
(500, 780, 6, 12),
(501, 781, 6, 12),
(502, 672, 13, 12),
(503, 673, 13, 12),
(504, 674, 13, 12),
(505, 675, 13, 12),
(506, 676, 13, 12),
(507, 677, 13, 12),
(508, 678, 13, 12),
(509, 679, 13, 12),
(510, 680, 13, 12),
(511, 681, 13, 12),
(512, 682, 13, 12),
(513, 683, 13, 12),
(514, 684, 13, 12),
(515, 685, 13, 12),
(516, 686, 13, 12),
(517, 687, 13, 12),
(518, 688, 13, 12),
(519, 689, 13, 12),
(520, 690, 13, 12),
(521, 691, 13, 12),
(522, 692, 13, 12),
(523, 693, 13, 12),
(524, 694, 13, 12),
(525, 695, 13, 12),
(526, 696, 13, 12),
(527, 697, 13, 12),
(528, 698, 13, 12),
(529, 699, 13, 12),
(530, 560, 16, 14),
(531, 565, 16, 14),
(532, 580, 16, 14),
(533, 584, 16, 14),
(534, 700, 16, 14),
(535, 701, 16, 14),
(536, 702, 16, 14),
(537, 703, 16, 14),
(538, 704, 16, 14),
(539, 705, 16, 14),
(540, 706, 16, 14),
(541, 707, 16, 14),
(542, 708, 16, 14),
(543, 709, 16, 14),
(544, 710, 16, 14),
(545, 711, 16, 14),
(546, 712, 16, 14),
(547, 713, 16, 14),
(548, 714, 16, 14),
(549, 715, 16, 14),
(550, 716, 16, 14),
(551, 717, 16, 14),
(552, 718, 16, 14),
(553, 719, 16, 14),
(554, 720, 16, 14),
(555, 721, 16, 14),
(556, 722, 16, 14),
(557, 782, 17, 14),
(558, 783, 17, 14),
(559, 784, 17, 14),
(560, 785, 17, 14),
(561, 786, 17, 14),
(562, 787, 17, 14),
(563, 788, 17, 14),
(564, 789, 17, 14),
(565, 790, 17, 14),
(566, 791, 17, 14),
(567, 792, 17, 14),
(568, 793, 17, 14),
(569, 794, 17, 14),
(570, 795, 17, 14),
(571, 796, 17, 14),
(572, 797, 17, 14),
(573, 798, 17, 14),
(574, 799, 17, 14),
(575, 800, 17, 14),
(576, 801, 17, 14),
(577, 802, 17, 14),
(578, 803, 17, 14),
(579, 804, 17, 14),
(580, 805, 17, 14),
(581, 806, 17, 14),
(582, 807, 17, 14),
(583, 808, 17, 14),
(584, 809, 17, 14),
(585, 810, 17, 14),
(586, 811, 17, 14),
(587, 812, 17, 14),
(588, 813, 17, 14),
(589, 814, 17, 14),
(590, 815, 17, 14),
(591, 816, 17, 14),
(592, 817, 17, 14),
(593, 818, 17, 14),
(594, 819, 17, 14),
(595, 820, 4, 16),
(596, 821, 4, 16),
(597, 822, 4, 16),
(598, 823, 4, 16),
(599, 824, 4, 16),
(600, 825, 4, 16),
(601, 826, 4, 16),
(602, 827, 4, 16),
(603, 828, 4, 16),
(604, 829, 4, 16),
(605, 830, 4, 16),
(606, 831, 4, 16),
(607, 832, 4, 16),
(608, 833, 4, 16),
(609, 834, 4, 16),
(610, 835, 4, 16),
(611, 836, 4, 16),
(612, 837, 4, 16),
(613, 838, 4, 16),
(614, 839, 4, 16),
(615, 840, 4, 16),
(616, 841, 4, 16),
(617, 842, 4, 16),
(618, 843, 4, 16),
(619, 844, 4, 16),
(620, 845, 4, 16),
(621, 846, 4, 16),
(622, 847, 4, 16),
(623, 848, 4, 16),
(624, 560, 16, 16),
(625, 565, 16, 16),
(626, 580, 16, 16),
(627, 584, 16, 16),
(628, 700, 16, 16),
(629, 701, 16, 16),
(630, 702, 16, 16),
(631, 703, 16, 16),
(632, 704, 16, 16),
(633, 705, 16, 16),
(634, 706, 16, 16),
(635, 707, 16, 16),
(636, 708, 16, 16),
(637, 709, 16, 16),
(638, 710, 16, 16),
(639, 711, 16, 16),
(640, 712, 16, 16),
(641, 713, 16, 16),
(642, 714, 16, 16),
(643, 715, 16, 16),
(644, 716, 16, 16),
(645, 717, 16, 16),
(646, 718, 16, 16),
(647, 719, 16, 16),
(648, 720, 16, 16),
(649, 721, 16, 16),
(650, 722, 16, 16),
(651, 560, 16, 17),
(652, 565, 16, 17),
(653, 580, 16, 17),
(654, 584, 16, 17),
(655, 700, 16, 17),
(656, 701, 16, 17),
(657, 702, 16, 17),
(658, 703, 16, 17),
(659, 704, 16, 17),
(660, 705, 16, 17),
(661, 706, 16, 17),
(662, 707, 16, 17),
(663, 708, 16, 17),
(664, 709, 16, 17),
(665, 710, 16, 17),
(666, 711, 16, 17),
(667, 712, 16, 17),
(668, 713, 16, 17),
(669, 714, 16, 17),
(670, 715, 16, 17),
(671, 716, 16, 17),
(672, 717, 16, 17),
(673, 718, 16, 17),
(674, 719, 16, 17),
(675, 720, 16, 17),
(676, 721, 16, 17),
(677, 722, 16, 17),
(678, 645, 19, 17),
(679, 723, 19, 17),
(680, 724, 19, 17),
(681, 725, 19, 17),
(682, 726, 19, 17),
(683, 727, 19, 17),
(684, 728, 19, 17),
(685, 729, 19, 17),
(686, 730, 19, 17),
(687, 731, 19, 17),
(688, 732, 19, 17),
(689, 733, 19, 17),
(690, 734, 19, 17),
(691, 735, 19, 17),
(692, 736, 19, 17),
(693, 737, 19, 17),
(694, 738, 19, 17),
(695, 739, 19, 17),
(696, 740, 19, 17),
(697, 741, 19, 17),
(698, 742, 19, 17),
(699, 743, 19, 17),
(700, 744, 19, 17),
(701, 745, 19, 17),
(702, 746, 19, 17),
(703, 747, 19, 17),
(704, 748, 19, 17),
(705, 749, 19, 17),
(706, 750, 19, 17),
(707, 751, 19, 17),
(708, 752, 19, 17),
(709, 753, 19, 17),
(710, 560, 16, 18),
(711, 565, 16, 18),
(712, 580, 16, 18),
(713, 584, 16, 18),
(714, 700, 16, 18),
(715, 701, 16, 18),
(716, 702, 16, 18),
(717, 703, 16, 18),
(718, 704, 16, 18),
(719, 705, 16, 18),
(720, 706, 16, 18),
(721, 707, 16, 18),
(722, 708, 16, 18),
(723, 709, 16, 18),
(724, 710, 16, 18),
(725, 711, 16, 18),
(726, 712, 16, 18),
(727, 713, 16, 18),
(728, 714, 16, 18),
(729, 715, 16, 18),
(730, 716, 16, 18),
(731, 717, 16, 18),
(732, 718, 16, 18),
(733, 719, 16, 18),
(734, 720, 16, 18),
(735, 721, 16, 18),
(736, 722, 16, 18),
(737, 820, 4, 18),
(738, 821, 4, 18),
(739, 822, 4, 18),
(740, 823, 4, 18),
(741, 824, 4, 18),
(742, 825, 4, 18),
(743, 826, 4, 18),
(744, 827, 4, 18),
(745, 828, 4, 18),
(746, 829, 4, 18),
(747, 830, 4, 18),
(748, 831, 4, 18),
(749, 832, 4, 18),
(750, 833, 4, 18),
(751, 834, 4, 18),
(752, 835, 4, 18),
(753, 836, 4, 18),
(754, 837, 4, 18),
(755, 838, 4, 18),
(756, 839, 4, 18),
(757, 840, 4, 18),
(758, 841, 4, 18),
(759, 842, 4, 18),
(760, 843, 4, 18),
(761, 844, 4, 18),
(762, 845, 4, 18),
(763, 846, 4, 18),
(764, 847, 4, 18),
(765, 848, 4, 18),
(766, 782, 17, 19),
(767, 783, 17, 19),
(768, 784, 17, 19),
(769, 785, 17, 19),
(770, 786, 17, 19),
(771, 787, 17, 19),
(772, 788, 17, 19),
(773, 789, 17, 19),
(774, 790, 17, 19),
(775, 791, 17, 19),
(776, 792, 17, 19),
(777, 793, 17, 19),
(778, 794, 17, 19),
(779, 795, 17, 19),
(780, 796, 17, 19),
(781, 797, 17, 19),
(782, 798, 17, 19),
(783, 799, 17, 19),
(784, 800, 17, 19),
(785, 801, 17, 19),
(786, 802, 17, 19),
(787, 803, 17, 19),
(788, 804, 17, 19),
(789, 805, 17, 19),
(790, 806, 17, 19),
(791, 807, 17, 19),
(792, 808, 17, 19),
(793, 809, 17, 19),
(794, 810, 17, 19),
(795, 811, 17, 19),
(796, 812, 17, 19),
(797, 813, 17, 19),
(798, 814, 17, 19),
(799, 815, 17, 19),
(800, 816, 17, 19),
(801, 817, 17, 19),
(802, 818, 17, 19),
(803, 819, 17, 19),
(804, 645, 19, 19),
(805, 723, 19, 19),
(806, 724, 19, 19),
(807, 725, 19, 19),
(808, 726, 19, 19),
(809, 727, 19, 19),
(810, 728, 19, 19),
(811, 729, 19, 19),
(812, 730, 19, 19),
(813, 731, 19, 19),
(814, 732, 19, 19),
(815, 733, 19, 19),
(816, 734, 19, 19),
(817, 735, 19, 19),
(818, 736, 19, 19),
(819, 737, 19, 19),
(820, 738, 19, 19),
(821, 739, 19, 19),
(822, 740, 19, 19),
(823, 741, 19, 19),
(824, 742, 19, 19),
(825, 743, 19, 19),
(826, 744, 19, 19),
(827, 745, 19, 19),
(828, 746, 19, 19),
(829, 747, 19, 19),
(830, 748, 19, 19),
(831, 749, 19, 19),
(832, 750, 19, 19),
(833, 751, 19, 19),
(834, 752, 19, 19),
(835, 753, 19, 19),
(836, 560, 16, 20),
(837, 565, 16, 20),
(838, 580, 16, 20),
(839, 584, 16, 20),
(840, 700, 16, 20),
(841, 701, 16, 20),
(842, 702, 16, 20),
(843, 703, 16, 20),
(844, 704, 16, 20),
(845, 705, 16, 20),
(846, 706, 16, 20),
(847, 707, 16, 20),
(848, 708, 16, 20),
(849, 709, 16, 20),
(850, 710, 16, 20),
(851, 711, 16, 20),
(852, 712, 16, 20),
(853, 713, 16, 20),
(854, 714, 16, 20),
(855, 715, 16, 20),
(856, 716, 16, 20),
(857, 717, 16, 20),
(858, 718, 16, 20),
(859, 719, 16, 20),
(860, 720, 16, 20),
(861, 721, 16, 20),
(862, 722, 16, 20),
(863, 820, 4, 20),
(864, 821, 4, 20),
(865, 822, 4, 20),
(866, 823, 4, 20),
(867, 824, 4, 20),
(868, 825, 4, 20),
(869, 826, 4, 20),
(870, 827, 4, 20),
(871, 828, 4, 20),
(872, 829, 4, 20),
(873, 830, 4, 20),
(874, 831, 4, 20),
(875, 832, 4, 20),
(876, 833, 4, 20),
(877, 834, 4, 20),
(878, 835, 4, 20),
(879, 836, 4, 20),
(880, 837, 4, 20),
(881, 838, 4, 20),
(882, 839, 4, 20),
(883, 840, 4, 20),
(884, 841, 4, 20),
(885, 842, 4, 20),
(886, 843, 4, 20),
(887, 844, 4, 20),
(888, 845, 4, 20),
(889, 846, 4, 20),
(890, 847, 4, 20),
(891, 848, 4, 20),
(892, 589, 18, 21),
(893, 849, 18, 21),
(894, 850, 18, 21),
(895, 851, 18, 21),
(896, 852, 18, 21),
(897, 853, 18, 21),
(898, 854, 18, 21),
(899, 855, 18, 21),
(900, 856, 18, 21),
(901, 857, 18, 21),
(902, 858, 18, 21),
(903, 859, 18, 21),
(904, 860, 18, 21),
(905, 861, 18, 21),
(906, 862, 18, 21),
(907, 863, 18, 21),
(908, 864, 18, 21),
(909, 865, 18, 21),
(910, 866, 18, 21),
(911, 867, 18, 21),
(912, 868, 18, 21),
(913, 869, 18, 21),
(914, 870, 18, 21),
(915, 871, 18, 21),
(916, 872, 18, 21),
(917, 873, 18, 21),
(918, 874, 18, 21),
(919, 875, 18, 21),
(920, 876, 18, 21),
(921, 877, 18, 21),
(922, 560, 16, 21),
(923, 565, 16, 21),
(924, 580, 16, 21),
(925, 584, 16, 21),
(926, 700, 16, 21),
(927, 701, 16, 21),
(928, 702, 16, 21),
(929, 703, 16, 21),
(930, 704, 16, 21),
(931, 705, 16, 21),
(932, 706, 16, 21),
(933, 707, 16, 21),
(934, 708, 16, 21),
(935, 709, 16, 21),
(936, 710, 16, 21),
(937, 711, 16, 21),
(938, 712, 16, 21),
(939, 713, 16, 21),
(940, 714, 16, 21),
(941, 715, 16, 21),
(942, 716, 16, 21),
(943, 717, 16, 21),
(944, 718, 16, 21),
(945, 719, 16, 21),
(946, 720, 16, 21),
(947, 721, 16, 21),
(948, 722, 16, 21),
(949, 560, 16, 22),
(950, 565, 16, 22),
(951, 580, 16, 22),
(952, 584, 16, 22),
(953, 700, 16, 22),
(954, 701, 16, 22),
(955, 702, 16, 22),
(956, 703, 16, 22),
(957, 704, 16, 22),
(958, 705, 16, 22),
(959, 706, 16, 22),
(960, 707, 16, 22),
(961, 708, 16, 22),
(962, 709, 16, 22),
(963, 710, 16, 22),
(964, 711, 16, 22),
(965, 712, 16, 22),
(966, 713, 16, 22),
(967, 714, 16, 22),
(968, 715, 16, 22),
(969, 716, 16, 22),
(970, 717, 16, 22),
(971, 718, 16, 22),
(972, 719, 16, 22),
(973, 720, 16, 22),
(974, 721, 16, 22),
(975, 722, 16, 22),
(976, 645, 19, 22),
(977, 723, 19, 22),
(978, 724, 19, 22),
(979, 725, 19, 22),
(980, 726, 19, 22),
(981, 727, 19, 22),
(982, 728, 19, 22),
(983, 729, 19, 22),
(984, 730, 19, 22),
(985, 731, 19, 22),
(986, 732, 19, 22),
(987, 733, 19, 22),
(988, 734, 19, 22),
(989, 735, 19, 22),
(990, 736, 19, 22),
(991, 737, 19, 22),
(992, 738, 19, 22),
(993, 739, 19, 22),
(994, 740, 19, 22),
(995, 741, 19, 22),
(996, 742, 19, 22),
(997, 743, 19, 22),
(998, 744, 19, 22),
(999, 745, 19, 22),
(1000, 746, 19, 22),
(1001, 747, 19, 22),
(1002, 748, 19, 22),
(1003, 749, 19, 22),
(1004, 750, 19, 22),
(1005, 751, 19, 22),
(1006, 752, 19, 22),
(1007, 753, 19, 22),
(1008, 159, 6, 23),
(1009, 211, 6, 23),
(1010, 878, 6, 23),
(1011, 879, 6, 23),
(1012, 880, 6, 23),
(1013, 881, 6, 23),
(1014, 882, 6, 23),
(1015, 883, 6, 23),
(1016, 884, 6, 23),
(1017, 885, 6, 23),
(1018, 886, 6, 23),
(1019, 887, 6, 23),
(1020, 888, 6, 23),
(1021, 889, 6, 23),
(1022, 890, 6, 23),
(1023, 891, 6, 23),
(1024, 892, 6, 23),
(1025, 893, 6, 23),
(1026, 894, 6, 23),
(1027, 895, 6, 23),
(1028, 896, 6, 23),
(1029, 897, 6, 23),
(1030, 898, 6, 23),
(1031, 899, 6, 23),
(1032, 900, 6, 23),
(1033, 901, 6, 23),
(1034, 902, 6, 23),
(1035, 903, 13, 23),
(1036, 904, 13, 23),
(1037, 905, 13, 23),
(1038, 906, 13, 23),
(1039, 907, 13, 23),
(1040, 908, 13, 23),
(1041, 909, 13, 23),
(1042, 910, 13, 23),
(1043, 911, 13, 23),
(1044, 912, 13, 23),
(1045, 913, 13, 23),
(1046, 914, 13, 23),
(1047, 915, 13, 23),
(1048, 916, 13, 23),
(1049, 917, 13, 23),
(1050, 918, 13, 23),
(1051, 919, 13, 23),
(1052, 920, 13, 23),
(1053, 921, 13, 23),
(1054, 922, 13, 23),
(1055, 923, 13, 23),
(1056, 924, 13, 23),
(1057, 925, 13, 23),
(1058, 926, 13, 23),
(1059, 927, 13, 23),
(1060, 928, 13, 23),
(1061, 929, 13, 23),
(1062, 930, 13, 23),
(1063, 931, 13, 23),
(1064, 932, 13, 23),
(1065, 159, 6, 24),
(1066, 211, 6, 24),
(1067, 878, 6, 24),
(1068, 879, 6, 24),
(1069, 880, 6, 24),
(1070, 881, 6, 24),
(1071, 882, 6, 24),
(1072, 883, 6, 24),
(1073, 884, 6, 24),
(1074, 885, 6, 24),
(1075, 886, 6, 24),
(1076, 887, 6, 24),
(1077, 888, 6, 24),
(1078, 889, 6, 24),
(1079, 890, 6, 24),
(1080, 891, 6, 24),
(1081, 892, 6, 24),
(1082, 893, 6, 24),
(1083, 894, 6, 24),
(1084, 895, 6, 24),
(1085, 896, 6, 24),
(1086, 897, 6, 24),
(1087, 898, 6, 24),
(1088, 899, 6, 24),
(1089, 900, 6, 24),
(1090, 901, 6, 24),
(1091, 902, 6, 24),
(1092, 560, 16, 24),
(1093, 565, 16, 24),
(1094, 580, 16, 24),
(1095, 584, 16, 24),
(1096, 700, 16, 24),
(1097, 701, 16, 24),
(1098, 702, 16, 24),
(1099, 703, 16, 24),
(1100, 704, 16, 24),
(1101, 705, 16, 24),
(1102, 706, 16, 24),
(1103, 707, 16, 24),
(1104, 708, 16, 24),
(1105, 709, 16, 24),
(1106, 710, 16, 24),
(1107, 711, 16, 24),
(1108, 712, 16, 24),
(1109, 713, 16, 24),
(1110, 714, 16, 24),
(1111, 715, 16, 24),
(1112, 716, 16, 24),
(1113, 717, 16, 24),
(1114, 718, 16, 24),
(1115, 719, 16, 24),
(1116, 720, 16, 24),
(1117, 721, 16, 24),
(1118, 722, 16, 24),
(1119, 560, 16, 25),
(1120, 565, 16, 25),
(1121, 580, 16, 25),
(1122, 584, 16, 25),
(1123, 700, 16, 25),
(1124, 701, 16, 25),
(1125, 702, 16, 25),
(1126, 703, 16, 25),
(1127, 704, 16, 25),
(1128, 705, 16, 25),
(1129, 706, 16, 25),
(1130, 707, 16, 25),
(1131, 708, 16, 25),
(1132, 709, 16, 25),
(1133, 710, 16, 25),
(1134, 711, 16, 25),
(1135, 712, 16, 25),
(1136, 713, 16, 25),
(1137, 714, 16, 25),
(1138, 715, 16, 25),
(1139, 716, 16, 25),
(1140, 717, 16, 25),
(1141, 718, 16, 25),
(1142, 719, 16, 25),
(1143, 720, 16, 25),
(1144, 721, 16, 25),
(1145, 722, 16, 25),
(1146, 159, 6, 25),
(1147, 211, 6, 25),
(1148, 878, 6, 25),
(1149, 879, 6, 25),
(1150, 880, 6, 25),
(1151, 881, 6, 25),
(1152, 882, 6, 25),
(1153, 883, 6, 25),
(1154, 884, 6, 25),
(1155, 885, 6, 25),
(1156, 886, 6, 25),
(1157, 887, 6, 25),
(1158, 888, 6, 25),
(1159, 889, 6, 25),
(1160, 890, 6, 25),
(1161, 891, 6, 25),
(1162, 892, 6, 25),
(1163, 893, 6, 25),
(1164, 894, 6, 25),
(1165, 895, 6, 25),
(1166, 896, 6, 25),
(1167, 897, 6, 25),
(1168, 898, 6, 25),
(1169, 899, 6, 25),
(1170, 900, 6, 25),
(1171, 901, 6, 25),
(1172, 902, 6, 25),
(1173, 560, 16, 26),
(1174, 565, 16, 26),
(1175, 580, 16, 26),
(1176, 584, 16, 26),
(1177, 700, 16, 26),
(1178, 701, 16, 26),
(1179, 702, 16, 26),
(1180, 703, 16, 26),
(1181, 704, 16, 26),
(1182, 705, 16, 26),
(1183, 706, 16, 26),
(1184, 707, 16, 26),
(1185, 708, 16, 26),
(1186, 709, 16, 26),
(1187, 710, 16, 26),
(1188, 711, 16, 26),
(1189, 712, 16, 26),
(1190, 713, 16, 26),
(1191, 714, 16, 26),
(1192, 715, 16, 26),
(1193, 716, 16, 26),
(1194, 717, 16, 26),
(1195, 718, 16, 26),
(1196, 719, 16, 26),
(1197, 720, 16, 26),
(1198, 721, 16, 26),
(1199, 722, 16, 26),
(1200, 159, 6, 26),
(1201, 211, 6, 26),
(1202, 878, 6, 26),
(1203, 879, 6, 26),
(1204, 880, 6, 26),
(1205, 881, 6, 26),
(1206, 882, 6, 26),
(1207, 883, 6, 26),
(1208, 884, 6, 26),
(1209, 885, 6, 26),
(1210, 886, 6, 26),
(1211, 887, 6, 26),
(1212, 888, 6, 26),
(1213, 889, 6, 26),
(1214, 890, 6, 26),
(1215, 891, 6, 26),
(1216, 892, 6, 26),
(1217, 893, 6, 26),
(1218, 894, 6, 26),
(1219, 895, 6, 26),
(1220, 896, 6, 26),
(1221, 897, 6, 26),
(1222, 898, 6, 26),
(1223, 899, 6, 26),
(1224, 900, 6, 26),
(1225, 901, 6, 26),
(1226, 902, 6, 26),
(1227, 560, 16, 27),
(1228, 565, 16, 27),
(1229, 580, 16, 27),
(1230, 584, 16, 27),
(1231, 700, 16, 27),
(1232, 701, 16, 27),
(1233, 702, 16, 27),
(1234, 703, 16, 27),
(1235, 704, 16, 27),
(1236, 705, 16, 27),
(1237, 706, 16, 27),
(1238, 707, 16, 27),
(1239, 708, 16, 27),
(1240, 709, 16, 27),
(1241, 710, 16, 27),
(1242, 711, 16, 27),
(1243, 712, 16, 27),
(1244, 713, 16, 27),
(1245, 714, 16, 27),
(1246, 715, 16, 27),
(1247, 716, 16, 27),
(1248, 717, 16, 27),
(1249, 718, 16, 27),
(1250, 719, 16, 27),
(1251, 720, 16, 27),
(1252, 721, 16, 27),
(1253, 722, 16, 27),
(1254, 589, 18, 27),
(1255, 849, 18, 27),
(1256, 850, 18, 27),
(1257, 851, 18, 27),
(1258, 852, 18, 27),
(1259, 853, 18, 27),
(1260, 854, 18, 27),
(1261, 855, 18, 27),
(1262, 856, 18, 27),
(1263, 857, 18, 27),
(1264, 858, 18, 27),
(1265, 859, 18, 27),
(1266, 860, 18, 27),
(1267, 861, 18, 27),
(1268, 862, 18, 27),
(1269, 863, 18, 27),
(1270, 864, 18, 27),
(1271, 865, 18, 27),
(1272, 866, 18, 27),
(1273, 867, 18, 27),
(1274, 868, 18, 27),
(1275, 869, 18, 27),
(1276, 870, 18, 27),
(1277, 871, 18, 27),
(1278, 872, 18, 27),
(1279, 873, 18, 27),
(1280, 874, 18, 27),
(1281, 875, 18, 27),
(1282, 876, 18, 27),
(1283, 877, 18, 27),
(1284, 560, 16, 28),
(1285, 565, 16, 28),
(1286, 580, 16, 28),
(1287, 584, 16, 28),
(1288, 700, 16, 28),
(1289, 701, 16, 28),
(1290, 702, 16, 28),
(1291, 703, 16, 28),
(1292, 704, 16, 28),
(1293, 705, 16, 28),
(1294, 706, 16, 28),
(1295, 707, 16, 28),
(1296, 708, 16, 28),
(1297, 709, 16, 28),
(1298, 710, 16, 28),
(1299, 711, 16, 28),
(1300, 712, 16, 28),
(1301, 713, 16, 28),
(1302, 714, 16, 28),
(1303, 715, 16, 28),
(1304, 716, 16, 28),
(1305, 717, 16, 28),
(1306, 718, 16, 28),
(1307, 719, 16, 28),
(1308, 720, 16, 28),
(1309, 721, 16, 28),
(1310, 722, 16, 28),
(1311, 159, 6, 28),
(1312, 211, 6, 28),
(1313, 878, 6, 28),
(1314, 879, 6, 28),
(1315, 880, 6, 28),
(1316, 881, 6, 28),
(1317, 882, 6, 28),
(1318, 883, 6, 28),
(1319, 884, 6, 28),
(1320, 885, 6, 28),
(1321, 886, 6, 28),
(1322, 887, 6, 28),
(1323, 888, 6, 28),
(1324, 889, 6, 28),
(1325, 890, 6, 28),
(1326, 891, 6, 28),
(1327, 892, 6, 28),
(1328, 893, 6, 28),
(1329, 894, 6, 28),
(1330, 895, 6, 28),
(1331, 896, 6, 28),
(1332, 897, 6, 28),
(1333, 898, 6, 28),
(1334, 899, 6, 28),
(1335, 900, 6, 28),
(1336, 901, 6, 28),
(1337, 902, 6, 28),
(1338, 560, 16, 29),
(1339, 565, 16, 29),
(1340, 580, 16, 29),
(1341, 584, 16, 29),
(1342, 700, 16, 29),
(1343, 701, 16, 29),
(1344, 702, 16, 29),
(1345, 703, 16, 29),
(1346, 704, 16, 29),
(1347, 705, 16, 29),
(1348, 706, 16, 29),
(1349, 707, 16, 29),
(1350, 708, 16, 29),
(1351, 709, 16, 29),
(1352, 710, 16, 29),
(1353, 711, 16, 29),
(1354, 712, 16, 29),
(1355, 713, 16, 29),
(1356, 714, 16, 29),
(1357, 715, 16, 29),
(1358, 716, 16, 29),
(1359, 717, 16, 29),
(1360, 718, 16, 29),
(1361, 719, 16, 29),
(1362, 720, 16, 29),
(1363, 721, 16, 29),
(1364, 722, 16, 29),
(1365, 349, 12, 29),
(1366, 350, 12, 29),
(1367, 351, 12, 29),
(1368, 352, 12, 29),
(1369, 353, 12, 29),
(1370, 354, 12, 29),
(1371, 355, 12, 29),
(1372, 356, 12, 29),
(1373, 357, 12, 29),
(1374, 358, 12, 29),
(1375, 359, 12, 29),
(1376, 360, 12, 29),
(1377, 361, 12, 29),
(1378, 362, 12, 29),
(1379, 363, 12, 29),
(1380, 364, 12, 29),
(1381, 365, 12, 29),
(1382, 366, 12, 29),
(1383, 367, 12, 29),
(1384, 368, 12, 29),
(1385, 369, 12, 29),
(1386, 370, 12, 29),
(1387, 371, 12, 29),
(1388, 372, 12, 29),
(1389, 373, 12, 29),
(1390, 374, 12, 29),
(1391, 560, 16, 30),
(1392, 565, 16, 30),
(1393, 580, 16, 30),
(1394, 584, 16, 30),
(1395, 700, 16, 30),
(1396, 701, 16, 30),
(1397, 702, 16, 30),
(1398, 703, 16, 30),
(1399, 704, 16, 30),
(1400, 705, 16, 30),
(1401, 706, 16, 30),
(1402, 707, 16, 30),
(1403, 708, 16, 30),
(1404, 709, 16, 30),
(1405, 710, 16, 30),
(1406, 711, 16, 30),
(1407, 712, 16, 30),
(1408, 713, 16, 30),
(1409, 714, 16, 30),
(1410, 715, 16, 30),
(1411, 716, 16, 30),
(1412, 717, 16, 30),
(1413, 718, 16, 30),
(1414, 719, 16, 30),
(1415, 720, 16, 30),
(1416, 721, 16, 30),
(1417, 722, 16, 30),
(1418, 933, 19, 30),
(1419, 934, 19, 30),
(1420, 935, 19, 30),
(1421, 936, 19, 30),
(1422, 937, 19, 30),
(1423, 938, 19, 30),
(1424, 939, 19, 30),
(1425, 940, 19, 30),
(1426, 941, 19, 30),
(1427, 942, 19, 30),
(1428, 943, 19, 30),
(1429, 944, 19, 30),
(1430, 945, 19, 30),
(1431, 946, 19, 30),
(1432, 947, 19, 30),
(1433, 948, 19, 30),
(1434, 949, 19, 30),
(1435, 950, 19, 30),
(1436, 951, 19, 30),
(1437, 952, 19, 30),
(1438, 953, 19, 30),
(1439, 954, 19, 30),
(1440, 955, 19, 30),
(1441, 956, 19, 30),
(1442, 957, 19, 30),
(1443, 958, 19, 30),
(1444, 959, 19, 30),
(1445, 960, 19, 30),
(1446, 961, 19, 30),
(1447, 468, 16, 31),
(1448, 469, 16, 31),
(1449, 470, 16, 31),
(1450, 471, 16, 31),
(1451, 472, 16, 31),
(1452, 473, 16, 31),
(1453, 474, 16, 31),
(1454, 475, 16, 31),
(1455, 476, 16, 31),
(1456, 477, 16, 31),
(1457, 478, 16, 31),
(1458, 479, 16, 31),
(1459, 480, 16, 31),
(1460, 481, 16, 31),
(1461, 482, 16, 31),
(1462, 483, 16, 31),
(1463, 484, 16, 31),
(1464, 485, 16, 31),
(1465, 486, 16, 31),
(1466, 487, 16, 31),
(1467, 488, 16, 31),
(1468, 489, 16, 31),
(1469, 490, 16, 31),
(1470, 491, 16, 31),
(1471, 492, 16, 31),
(1472, 493, 16, 31),
(1473, 494, 16, 31),
(1474, 495, 16, 31),
(1475, 496, 16, 31),
(1476, 497, 16, 31),
(1477, 152, 6, 31),
(1478, 153, 6, 31),
(1479, 154, 6, 31),
(1480, 155, 6, 31),
(1481, 156, 6, 31),
(1482, 157, 6, 31),
(1483, 158, 6, 31),
(1484, 159, 6, 31),
(1485, 160, 6, 31),
(1486, 161, 6, 31),
(1487, 162, 6, 31),
(1488, 163, 6, 31),
(1489, 164, 6, 31),
(1490, 165, 6, 31),
(1491, 166, 6, 31),
(1492, 167, 6, 31),
(1493, 168, 6, 31),
(1494, 169, 6, 31),
(1495, 170, 6, 31),
(1496, 171, 6, 31),
(1497, 172, 6, 31),
(1498, 173, 6, 31),
(1499, 174, 6, 31),
(1500, 175, 6, 31),
(1501, 176, 6, 31),
(1502, 177, 6, 31),
(1503, 178, 6, 31),
(1504, 179, 6, 31),
(1505, 180, 6, 31),
(1506, 181, 6, 31),
(1507, 182, 6, 31),
(1508, 183, 6, 31),
(1509, 184, 6, 31),
(1510, 468, 16, 32),
(1511, 469, 16, 32),
(1512, 470, 16, 32),
(1513, 471, 16, 32),
(1514, 472, 16, 32),
(1515, 473, 16, 32),
(1516, 474, 16, 32),
(1517, 475, 16, 32),
(1518, 476, 16, 32),
(1519, 477, 16, 32),
(1520, 478, 16, 32),
(1521, 479, 16, 32),
(1522, 480, 16, 32),
(1523, 481, 16, 32),
(1524, 482, 16, 32),
(1525, 483, 16, 32),
(1526, 484, 16, 32),
(1527, 485, 16, 32),
(1528, 486, 16, 32),
(1529, 487, 16, 32),
(1530, 488, 16, 32),
(1531, 489, 16, 32),
(1532, 490, 16, 32),
(1533, 491, 16, 32),
(1534, 492, 16, 32),
(1535, 493, 16, 32),
(1536, 494, 16, 32),
(1537, 495, 16, 32),
(1538, 496, 16, 32),
(1539, 497, 16, 32),
(1540, 152, 6, 32),
(1541, 153, 6, 32),
(1542, 154, 6, 32),
(1543, 155, 6, 32),
(1544, 156, 6, 32),
(1545, 157, 6, 32),
(1546, 158, 6, 32),
(1547, 159, 6, 32),
(1548, 160, 6, 32),
(1549, 161, 6, 32),
(1550, 162, 6, 32),
(1551, 163, 6, 32),
(1552, 164, 6, 32),
(1553, 165, 6, 32),
(1554, 166, 6, 32),
(1555, 167, 6, 32),
(1556, 168, 6, 32),
(1557, 169, 6, 32),
(1558, 170, 6, 32),
(1559, 171, 6, 32),
(1560, 172, 6, 32),
(1561, 173, 6, 32),
(1562, 174, 6, 32),
(1563, 175, 6, 32),
(1564, 176, 6, 32),
(1565, 177, 6, 32),
(1566, 178, 6, 32),
(1567, 179, 6, 32),
(1568, 180, 6, 32),
(1569, 181, 6, 32),
(1570, 182, 6, 32),
(1571, 183, 6, 32),
(1572, 184, 6, 32),
(1573, 468, 16, 33),
(1574, 469, 16, 33),
(1575, 470, 16, 33),
(1576, 471, 16, 33),
(1577, 472, 16, 33),
(1578, 473, 16, 33),
(1579, 474, 16, 33),
(1580, 475, 16, 33),
(1581, 476, 16, 33),
(1582, 477, 16, 33),
(1583, 478, 16, 33),
(1584, 479, 16, 33),
(1585, 480, 16, 33),
(1586, 481, 16, 33),
(1587, 482, 16, 33),
(1588, 483, 16, 33),
(1589, 484, 16, 33),
(1590, 485, 16, 33),
(1591, 486, 16, 33),
(1592, 487, 16, 33),
(1593, 488, 16, 33),
(1594, 489, 16, 33),
(1595, 490, 16, 33),
(1596, 491, 16, 33),
(1597, 492, 16, 33),
(1598, 493, 16, 33),
(1599, 494, 16, 33),
(1600, 495, 16, 33),
(1601, 496, 16, 33),
(1602, 497, 16, 33),
(1603, 349, 12, 33),
(1604, 350, 12, 33),
(1605, 351, 12, 33),
(1606, 352, 12, 33),
(1607, 353, 12, 33),
(1608, 354, 12, 33),
(1609, 355, 12, 33),
(1610, 356, 12, 33),
(1611, 357, 12, 33),
(1612, 358, 12, 33),
(1613, 359, 12, 33),
(1614, 360, 12, 33),
(1615, 361, 12, 33),
(1616, 362, 12, 33),
(1617, 363, 12, 33),
(1618, 364, 12, 33),
(1619, 365, 12, 33),
(1620, 366, 12, 33),
(1621, 367, 12, 33),
(1622, 368, 12, 33),
(1623, 369, 12, 33),
(1624, 370, 12, 33),
(1625, 371, 12, 33),
(1626, 372, 12, 33),
(1627, 373, 12, 33),
(1628, 374, 12, 33),
(1629, 468, 16, 34),
(1630, 469, 16, 34),
(1631, 470, 16, 34),
(1632, 471, 16, 34),
(1633, 472, 16, 34),
(1634, 473, 16, 34),
(1635, 474, 16, 34),
(1636, 475, 16, 34),
(1637, 476, 16, 34),
(1638, 477, 16, 34),
(1639, 478, 16, 34),
(1640, 479, 16, 34),
(1641, 480, 16, 34),
(1642, 481, 16, 34),
(1643, 482, 16, 34),
(1644, 483, 16, 34),
(1645, 484, 16, 34),
(1646, 485, 16, 34),
(1647, 486, 16, 34),
(1648, 487, 16, 34),
(1649, 488, 16, 34),
(1650, 489, 16, 34),
(1651, 490, 16, 34),
(1652, 491, 16, 34),
(1653, 492, 16, 34),
(1654, 493, 16, 34),
(1655, 494, 16, 34),
(1656, 495, 16, 34),
(1657, 496, 16, 34),
(1658, 497, 16, 34),
(1659, 152, 6, 34),
(1660, 153, 6, 34),
(1661, 154, 6, 34),
(1662, 155, 6, 34),
(1663, 156, 6, 34),
(1664, 157, 6, 34),
(1665, 158, 6, 34),
(1666, 159, 6, 34),
(1667, 160, 6, 34),
(1668, 161, 6, 34),
(1669, 162, 6, 34),
(1670, 163, 6, 34),
(1671, 164, 6, 34),
(1672, 165, 6, 34),
(1673, 166, 6, 34),
(1674, 167, 6, 34),
(1675, 168, 6, 34),
(1676, 169, 6, 34),
(1677, 170, 6, 34),
(1678, 171, 6, 34),
(1679, 172, 6, 34),
(1680, 173, 6, 34),
(1681, 174, 6, 34),
(1682, 175, 6, 34),
(1683, 176, 6, 34),
(1684, 177, 6, 34),
(1685, 178, 6, 34),
(1686, 179, 6, 34),
(1687, 180, 6, 34),
(1688, 181, 6, 34),
(1689, 182, 6, 34),
(1690, 183, 6, 34),
(1691, 184, 6, 34),
(1692, 468, 16, 35),
(1693, 469, 16, 35),
(1694, 470, 16, 35),
(1695, 471, 16, 35),
(1696, 472, 16, 35),
(1697, 473, 16, 35),
(1698, 474, 16, 35),
(1699, 475, 16, 35),
(1700, 476, 16, 35),
(1701, 477, 16, 35),
(1702, 478, 16, 35),
(1703, 479, 16, 35),
(1704, 480, 16, 35),
(1705, 481, 16, 35),
(1706, 482, 16, 35),
(1707, 483, 16, 35),
(1708, 484, 16, 35),
(1709, 485, 16, 35),
(1710, 486, 16, 35),
(1711, 487, 16, 35),
(1712, 488, 16, 35),
(1713, 489, 16, 35),
(1714, 490, 16, 35),
(1715, 491, 16, 35),
(1716, 492, 16, 35),
(1717, 493, 16, 35),
(1718, 494, 16, 35),
(1719, 495, 16, 35),
(1720, 496, 16, 35),
(1721, 497, 16, 35),
(1722, 152, 6, 35),
(1723, 153, 6, 35),
(1724, 154, 6, 35),
(1725, 155, 6, 35),
(1726, 156, 6, 35),
(1727, 157, 6, 35),
(1728, 158, 6, 35),
(1729, 159, 6, 35),
(1730, 160, 6, 35),
(1731, 161, 6, 35),
(1732, 162, 6, 35),
(1733, 163, 6, 35),
(1734, 164, 6, 35),
(1735, 165, 6, 35),
(1736, 166, 6, 35),
(1737, 167, 6, 35),
(1738, 168, 6, 35),
(1739, 169, 6, 35),
(1740, 170, 6, 35),
(1741, 171, 6, 35),
(1742, 172, 6, 35),
(1743, 173, 6, 35),
(1744, 174, 6, 35),
(1745, 175, 6, 35),
(1746, 176, 6, 35),
(1747, 177, 6, 35),
(1748, 178, 6, 35),
(1749, 179, 6, 35),
(1750, 180, 6, 35),
(1751, 181, 6, 35),
(1752, 182, 6, 35),
(1753, 183, 6, 35),
(1754, 184, 6, 35);

-- --------------------------------------------------------

--
-- Estructura de tabla para la tabla `jugador_patrocinadores`
--

CREATE TABLE `jugador_patrocinadores` (
  `Id` int(11) NOT NULL,
  `Id_jugador` int(5) DEFAULT NULL,
  `Id_patrocinadores` int(5) DEFAULT NULL
) ENGINE=InnoDB DEFAULT CHARSET=utf8mb4 COLLATE=utf8mb4_general_ci;

--
-- Volcado de datos para la tabla `jugador_patrocinadores`
--

INSERT INTO `jugador_patrocinadores` (`Id`, `Id_jugador`, `Id_patrocinadores`) VALUES
(1, 2, 13),
(2, 3, 13),
(3, 4, 13),
(4, 5, 13),
(5, 6, 13),
(6, 7, 13),
(7, 8, 13),
(8, 9, 13),
(9, 10, 13),
(10, 11, 13),
(11, 12, 13),
(12, 13, 13),
(13, 14, 13),
(14, 15, 13),
(15, 16, 13),
(16, 17, 13),
(17, 18, 13),
(18, 19, 13),
(19, 20, 13),
(20, 21, 13),
(21, 22, 13),
(22, 23, 13),
(23, 24, 13),
(24, 25, 13),
(25, 26, 13),
(26, 27, 13),
(27, 28, 13),
(28, 29, 13),
(29, 30, 13),
(30, 31, 13),
(31, 32, 13),
(32, 33, 13),
(33, 35, 10),
(34, 35, 30),
(35, 36, 10),
(36, 36, 30),
(37, 37, 10),
(38, 37, 30),
(39, 38, 10),
(40, 38, 30),
(41, 39, 10),
(42, 39, 30),
(43, 40, 10),
(44, 40, 30),
(45, 41, 10),
(46, 41, 30),
(47, 42, 10),
(48, 42, 30),
(49, 43, 10),
(50, 43, 30),
(51, 44, 10),
(52, 44, 30),
(53, 45, 10),
(54, 45, 30),
(55, 46, 10),
(56, 46, 30),
(57, 47, 10),
(58, 47, 30),
(59, 48, 10),
(60, 48, 30),
(61, 49, 10),
(62, 49, 30),
(63, 50, 10),
(64, 50, 30),
(65, 51, 10),
(66, 51, 30),
(67, 52, 10),
(68, 52, 30),
(69, 53, 10),
(70, 53, 30),
(71, 54, 10),
(72, 54, 30),
(73, 55, 10),
(74, 55, 30),
(75, 56, 10),
(76, 56, 30),
(77, 57, 10),
(78, 57, 30),
(79, 58, 10),
(80, 58, 30),
(81, 59, 10),
(82, 59, 30),
(83, 60, 10),
(84, 60, 30),
(85, 61, 10),
(86, 61, 30),
(87, 62, 10),
(88, 62, 30),
(89, 63, 10),
(90, 63, 30),
(91, 65, 14),
(92, 66, 14),
(93, 67, 14),
(94, 68, 14),
(95, 69, 14),
(96, 70, 14),
(97, 71, 14),
(98, 72, 14),
(99, 73, 14),
(100, 74, 14),
(101, 75, 14),
(102, 76, 14),
(103, 77, 14),
(104, 78, 14),
(105, 79, 14),
(106, 80, 14),
(107, 81, 14),
(108, 82, 14),
(109, 83, 14),
(110, 84, 14),
(111, 85, 14),
(112, 86, 14),
(113, 87, 14),
(114, 88, 14),
(115, 89, 14),
(116, 90, 14),
(117, 91, 14),
(118, 92, 14),
(119, 93, 14),
(120, 95, 15),
(121, 96, 15),
(122, 97, 15),
(123, 98, 15),
(124, 99, 15),
(125, 100, 15),
(126, 101, 15),
(127, 102, 15),
(128, 103, 15),
(129, 104, 15),
(130, 105, 15),
(131, 106, 15),
(132, 107, 15),
(133, 108, 15),
(134, 109, 15),
(135, 110, 15),
(136, 111, 15),
(137, 112, 15),
(138, 113, 15),
(139, 114, 15),
(140, 115, 15),
(141, 116, 15),
(142, 117, 15),
(143, 118, 15),
(144, 119, 15),
(145, 120, 15),
(146, 121, 15),
(147, 122, 15),
(148, 124, 40),
(149, 124, 16),
(150, 125, 40),
(151, 125, 16),
(152, 126, 40),
(153, 126, 16),
(154, 127, 40),
(155, 127, 16),
(156, 128, 40),
(157, 128, 16),
(158, 129, 40),
(159, 129, 16),
(160, 130, 40),
(161, 130, 16),
(162, 131, 40),
(163, 131, 16),
(164, 132, 40),
(165, 132, 16),
(166, 133, 40),
(167, 133, 16),
(168, 134, 40),
(169, 134, 16),
(170, 135, 40),
(171, 135, 16),
(172, 136, 40),
(173, 136, 16),
(174, 137, 40),
(175, 137, 16),
(176, 138, 40),
(177, 138, 16),
(178, 139, 40),
(179, 139, 16),
(180, 140, 40),
(181, 140, 16),
(182, 141, 40),
(183, 141, 16),
(184, 142, 40),
(185, 142, 16),
(186, 143, 40),
(187, 143, 16),
(188, 144, 40),
(189, 144, 16),
(190, 145, 40),
(191, 145, 16),
(192, 146, 40),
(193, 146, 16),
(194, 147, 40),
(195, 147, 16),
(196, 148, 40),
(197, 148, 16),
(198, 149, 40),
(199, 149, 16),
(200, 150, 40),
(201, 150, 16),
(202, 152, 41),
(203, 152, 9),
(204, 153, 41),
(205, 153, 9),
(206, 154, 41),
(207, 154, 9),
(208, 155, 41),
(209, 155, 9),
(210, 156, 41),
(211, 156, 9),
(212, 157, 41),
(213, 157, 9),
(214, 158, 41),
(215, 158, 9),
(216, 159, 41),
(217, 159, 9),
(218, 160, 41),
(219, 160, 9),
(220, 161, 41),
(221, 161, 9),
(222, 162, 41),
(223, 162, 9),
(224, 163, 41),
(225, 163, 9),
(226, 164, 41),
(227, 164, 9),
(228, 165, 41),
(229, 165, 9),
(230, 166, 41),
(231, 166, 9),
(232, 167, 41),
(233, 167, 9),
(234, 168, 41),
(235, 168, 9),
(236, 169, 41),
(237, 169, 9),
(238, 170, 41),
(239, 170, 9),
(240, 171, 41),
(241, 171, 9),
(242, 172, 41),
(243, 172, 9),
(244, 173, 41),
(245, 173, 9),
(246, 174, 41),
(247, 174, 9),
(248, 175, 41),
(249, 175, 9),
(250, 176, 41),
(251, 176, 9),
(252, 177, 41),
(253, 177, 9),
(254, 178, 41),
(255, 178, 9),
(256, 179, 41),
(257, 179, 9),
(258, 180, 41),
(259, 180, 9),
(260, 181, 41),
(261, 181, 9),
(262, 182, 41),
(263, 182, 9),
(264, 183, 41),
(265, 183, 9),
(266, 184, 41),
(267, 184, 9),
(268, 186, 42),
(269, 186, 28),
(270, 187, 42),
(271, 187, 28),
(272, 188, 42),
(273, 188, 28),
(274, 189, 42),
(275, 189, 28),
(276, 190, 42),
(277, 190, 28),
(278, 191, 42),
(279, 191, 28),
(280, 192, 42),
(281, 192, 28),
(282, 193, 42),
(283, 193, 28),
(284, 194, 42),
(285, 194, 28),
(286, 195, 42),
(287, 195, 28),
(288, 196, 42),
(289, 196, 28),
(290, 197, 42),
(291, 197, 28),
(292, 198, 42),
(293, 198, 28),
(294, 199, 42),
(295, 199, 28),
(296, 200, 42),
(297, 200, 28),
(298, 201, 42),
(299, 201, 28),
(300, 202, 42),
(301, 202, 28),
(302, 203, 42),
(303, 203, 28),
(304, 204, 42),
(305, 204, 28),
(306, 205, 42),
(307, 205, 28),
(308, 206, 42),
(309, 206, 28),
(310, 207, 42),
(311, 207, 28),
(312, 208, 42),
(313, 208, 28),
(314, 209, 42),
(315, 209, 28),
(316, 210, 42),
(317, 210, 28),
(318, 211, 42),
(319, 211, 28),
(320, 212, 42),
(321, 212, 28),
(322, 213, 42),
(323, 213, 28),
(324, 214, 42),
(325, 214, 28),
(326, 215, 42),
(327, 215, 28),
(328, 216, 42),
(329, 216, 28),
(330, 217, 42),
(331, 217, 28),
(332, 218, 42),
(333, 218, 28),
(334, 219, 42),
(335, 219, 28),
(336, 220, 42),
(337, 220, 28),
(338, 221, 42),
(339, 221, 28),
(340, 222, 42),
(341, 222, 28),
(342, 223, 42),
(343, 223, 28),
(344, 224, 42),
(345, 224, 28),
(346, 226, 42),
(347, 226, 11),
(348, 227, 42),
(349, 227, 11),
(350, 228, 42),
(351, 228, 11),
(352, 229, 42),
(353, 229, 11),
(354, 230, 42),
(355, 230, 11),
(356, 231, 42),
(357, 231, 11),
(358, 232, 42),
(359, 232, 11),
(360, 233, 42),
(361, 233, 11),
(362, 234, 42),
(363, 234, 11),
(364, 235, 42),
(365, 235, 11),
(366, 236, 42),
(367, 236, 11),
(368, 237, 42),
(369, 237, 11),
(370, 238, 42),
(371, 238, 11),
(372, 239, 42),
(373, 239, 11),
(374, 240, 42),
(375, 240, 11),
(376, 241, 42),
(377, 241, 11),
(378, 242, 42),
(379, 242, 11),
(380, 243, 42),
(381, 243, 11),
(382, 244, 42),
(383, 244, 11),
(384, 245, 42),
(385, 245, 11),
(386, 246, 42),
(387, 246, 11),
(388, 247, 42),
(389, 247, 11),
(390, 248, 42),
(391, 248, 11),
(392, 249, 42),
(393, 249, 11),
(394, 250, 42),
(395, 250, 11),
(396, 251, 42),
(397, 251, 11),
(398, 252, 42),
(399, 252, 11),
(400, 253, 42),
(401, 253, 11),
(402, 254, 42),
(403, 254, 11),
(404, 255, 42),
(405, 255, 11),
(406, 256, 42),
(407, 256, 11),
(408, 258, 41),
(409, 258, 17),
(410, 259, 41),
(411, 259, 17),
(412, 260, 41),
(413, 260, 17),
(414, 261, 41),
(415, 261, 17),
(416, 262, 41),
(417, 262, 17),
(418, 263, 41),
(419, 263, 17),
(420, 264, 41),
(421, 264, 17),
(422, 265, 41),
(423, 265, 17),
(424, 266, 41),
(425, 266, 17),
(426, 267, 41),
(427, 267, 17),
(428, 268, 41),
(429, 268, 17),
(430, 269, 41),
(431, 269, 17),
(432, 270, 41),
(433, 270, 17),
(434, 271, 41),
(435, 271, 17),
(436, 272, 41),
(437, 272, 17),
(438, 273, 41),
(439, 273, 17),
(440, 274, 41),
(441, 274, 17),
(442, 275, 41),
(443, 275, 17),
(444, 276, 41),
(445, 276, 17),
(446, 277, 41),
(447, 277, 17),
(448, 278, 41),
(449, 278, 17),
(450, 279, 41),
(451, 279, 17),
(452, 280, 41),
(453, 280, 17),
(454, 281, 41),
(455, 281, 17),
(456, 282, 41),
(457, 282, 17),
(458, 283, 41),
(459, 283, 17),
(460, 284, 41),
(461, 284, 17),
(462, 285, 41),
(463, 285, 17),
(464, 287, 43),
(465, 288, 43),
(466, 289, 43),
(467, 290, 43),
(468, 291, 43),
(469, 292, 43),
(470, 293, 43),
(471, 294, 43),
(472, 295, 43),
(473, 296, 43),
(474, 297, 43),
(475, 298, 43),
(476, 299, 43),
(477, 300, 43),
(478, 301, 43),
(479, 302, 43),
(480, 303, 43),
(481, 304, 43),
(482, 305, 43),
(483, 306, 43),
(484, 307, 43),
(485, 308, 43),
(486, 309, 43),
(487, 310, 43),
(488, 311, 43),
(489, 312, 43),
(490, 313, 43),
(491, 314, 43),
(492, 315, 43),
(493, 316, 43),
(494, 318, 18),
(495, 319, 18),
(496, 320, 18),
(497, 321, 18),
(498, 322, 18),
(499, 323, 18),
(500, 324, 18),
(501, 325, 18),
(502, 326, 18),
(503, 327, 18),
(504, 328, 18),
(505, 329, 18),
(506, 330, 18),
(507, 331, 18),
(508, 332, 18),
(509, 333, 18),
(510, 334, 18),
(511, 335, 18),
(512, 336, 18),
(513, 337, 18),
(514, 338, 18),
(515, 339, 18),
(516, 340, 18),
(517, 341, 18),
(518, 342, 18),
(519, 343, 18),
(520, 344, 18),
(521, 345, 18),
(522, 346, 18),
(523, 347, 18),
(524, 349, 42),
(525, 349, 6),
(526, 350, 42),
(527, 350, 6),
(528, 351, 42),
(529, 351, 6),
(530, 352, 42),
(531, 352, 6),
(532, 353, 42),
(533, 353, 6),
(534, 354, 42),
(535, 354, 6),
(536, 355, 42),
(537, 355, 6),
(538, 356, 42),
(539, 356, 6),
(540, 357, 42),
(541, 357, 6),
(542, 358, 42),
(543, 358, 6),
(544, 359, 42),
(545, 359, 6),
(546, 360, 42),
(547, 360, 6),
(548, 361, 42),
(549, 361, 6),
(550, 362, 42),
(551, 362, 6),
(552, 363, 42),
(553, 363, 6),
(554, 364, 42),
(555, 364, 6),
(556, 365, 42),
(557, 365, 6),
(558, 366, 42),
(559, 366, 6),
(560, 367, 42),
(561, 367, 6),
(562, 368, 42),
(563, 368, 6),
(564, 369, 42),
(565, 369, 6),
(566, 370, 42),
(567, 370, 6),
(568, 371, 42),
(569, 371, 6),
(570, 372, 42),
(571, 372, 6),
(572, 373, 42),
(573, 373, 6),
(574, 374, 42),
(575, 374, 6),
(576, 376, 12),
(577, 377, 12),
(578, 378, 12),
(579, 379, 12),
(580, 380, 12),
(581, 381, 12),
(582, 382, 12),
(583, 383, 12),
(584, 384, 12),
(585, 385, 12),
(586, 386, 12),
(587, 387, 12),
(588, 388, 12),
(589, 389, 12),
(590, 390, 12),
(591, 391, 12),
(592, 392, 12),
(593, 393, 12),
(594, 394, 12),
(595, 395, 12),
(596, 396, 12),
(597, 397, 12),
(598, 398, 12),
(599, 399, 12),
(600, 400, 12),
(601, 401, 12),
(602, 402, 12),
(603, 403, 12),
(604, 404, 12),
(605, 406, 44),
(606, 406, 19),
(607, 407, 44),
(608, 407, 19),
(609, 408, 44),
(610, 408, 19),
(611, 409, 44),
(612, 409, 19),
(613, 410, 44),
(614, 410, 19),
(615, 411, 44),
(616, 411, 19),
(617, 412, 44),
(618, 412, 19),
(619, 413, 44),
(620, 413, 19),
(621, 414, 44),
(622, 414, 19),
(623, 415, 44),
(624, 415, 19),
(625, 416, 44),
(626, 416, 19),
(627, 417, 44),
(628, 417, 19),
(629, 418, 44),
(630, 418, 19),
(631, 419, 44),
(632, 419, 19),
(633, 420, 44),
(634, 420, 19),
(635, 421, 44),
(636, 421, 19),
(637, 422, 44),
(638, 422, 19),
(639, 423, 44),
(640, 423, 19),
(641, 424, 44),
(642, 424, 19),
(643, 425, 44),
(644, 425, 19),
(645, 426, 44),
(646, 426, 19),
(647, 427, 44),
(648, 427, 19),
(649, 428, 44),
(650, 428, 19),
(651, 429, 44),
(652, 429, 19),
(653, 430, 44),
(654, 430, 19),
(655, 431, 44),
(656, 431, 19),
(657, 432, 44),
(658, 432, 19),
(659, 433, 44),
(660, 433, 19),
(661, 434, 44),
(662, 434, 19),
(663, 436, 41),
(664, 436, 45),
(665, 437, 41),
(666, 437, 45),
(667, 438, 41),
(668, 438, 45),
(669, 439, 41),
(670, 439, 45),
(671, 440, 41),
(672, 440, 45),
(673, 441, 41),
(674, 441, 45),
(675, 442, 41),
(676, 442, 45),
(677, 443, 41),
(678, 443, 45),
(679, 444, 41),
(680, 444, 45),
(681, 445, 41),
(682, 445, 45),
(683, 446, 41),
(684, 446, 45),
(685, 447, 41),
(686, 447, 45),
(687, 448, 41),
(688, 448, 45),
(689, 449, 41),
(690, 449, 45),
(691, 450, 41),
(692, 450, 45),
(693, 451, 41),
(694, 451, 45),
(695, 452, 41),
(696, 452, 45),
(697, 453, 41),
(698, 453, 45),
(699, 454, 41),
(700, 454, 45),
(701, 455, 41),
(702, 455, 45),
(703, 456, 41),
(704, 456, 45),
(705, 457, 41),
(706, 457, 45),
(707, 458, 41),
(708, 458, 45),
(709, 459, 41),
(710, 459, 45),
(711, 460, 41),
(712, 460, 45),
(713, 461, 41),
(714, 461, 45),
(715, 462, 41),
(716, 462, 45),
(717, 463, 41),
(718, 463, 45),
(719, 464, 41),
(720, 464, 45),
(721, 465, 41),
(722, 465, 45),
(723, 466, 41),
(724, 466, 45),
(725, 468, 30),
(726, 469, 30),
(727, 470, 30),
(728, 471, 30),
(729, 472, 30),
(730, 473, 30),
(731, 474, 30),
(732, 475, 30),
(733, 476, 30),
(734, 477, 30),
(735, 478, 30),
(736, 479, 30),
(737, 480, 30),
(738, 481, 30),
(739, 482, 30),
(740, 483, 30),
(741, 484, 30),
(742, 485, 30),
(743, 486, 30),
(744, 487, 30),
(745, 488, 30),
(746, 489, 30),
(747, 490, 30),
(748, 491, 30),
(749, 492, 30),
(750, 493, 30),
(751, 494, 30),
(752, 495, 30),
(753, 496, 30),
(754, 497, 30),
(755, 499, 44),
(756, 500, 44),
(757, 501, 44),
(758, 502, 44),
(759, 503, 44),
(760, 504, 44),
(761, 505, 44),
(762, 506, 44),
(763, 507, 44),
(764, 508, 44),
(765, 509, 44),
(766, 510, 44),
(767, 511, 44),
(768, 512, 44),
(769, 513, 44),
(770, 514, 44),
(771, 515, 44),
(772, 516, 44),
(773, 517, 44),
(774, 518, 44),
(775, 519, 44),
(776, 520, 44),
(777, 521, 44),
(778, 522, 44),
(779, 523, 44),
(780, 524, 44),
(781, 525, 44),
(782, 526, 44),
(783, 527, 44),
(784, 528, 44),
(785, 530, 42),
(786, 530, 21),
(787, 531, 42),
(788, 531, 21),
(789, 532, 42),
(790, 532, 21),
(791, 533, 42),
(792, 533, 21),
(793, 534, 42),
(794, 534, 21),
(795, 535, 42),
(796, 535, 21),
(797, 536, 42),
(798, 536, 21),
(799, 537, 42),
(800, 537, 21),
(801, 538, 42),
(802, 538, 21),
(803, 539, 42),
(804, 539, 21),
(805, 540, 42),
(806, 540, 21),
(807, 541, 42),
(808, 541, 21),
(809, 542, 42),
(810, 542, 21),
(811, 543, 42),
(812, 543, 21),
(813, 544, 42),
(814, 544, 21),
(815, 545, 42),
(816, 545, 21),
(817, 546, 42),
(818, 546, 21),
(819, 547, 42),
(820, 547, 21),
(821, 548, 42),
(822, 548, 21),
(823, 549, 42),
(824, 549, 21),
(825, 550, 42),
(826, 550, 21),
(827, 551, 42),
(828, 551, 21),
(829, 552, 42),
(830, 552, 21),
(831, 553, 42),
(832, 553, 21),
(833, 554, 42),
(834, 554, 21),
(835, 555, 42),
(836, 555, 21),
(837, 556, 42),
(838, 556, 21),
(839, 557, 42),
(840, 557, 21),
(841, 558, 42),
(842, 558, 21);

-- --------------------------------------------------------

--
-- Estructura de tabla para la tabla `jugador_posiciones`
--

CREATE TABLE `jugador_posiciones` (
  `Id` int(11) NOT NULL,
  `Id_jugador` int(5) DEFAULT NULL,
  `Id_posicion` int(5) DEFAULT NULL
) ENGINE=InnoDB DEFAULT CHARSET=utf8mb4 COLLATE=utf8mb4_general_ci;

--
-- Volcado de datos para la tabla `jugador_posiciones`
--

INSERT INTO `jugador_posiciones` (`Id`, `Id_jugador`, `Id_posicion`) VALUES
(1, 2, 1),
(2, 3, 1),
(3, 4, 1),
(4, 5, 2),
(5, 6, 2),
(6, 7, 2),
(7, 8, 2),
(8, 9, 2),
(9, 10, 2),
(10, 11, 2),
(11, 12, 2),
(12, 13, 2),
(13, 14, 2),
(14, 15, 2),
(15, 16, 2),
(16, 17, 2),
(17, 18, 2),
(18, 19, 3),
(19, 20, 3),
(20, 21, 3),
(21, 22, 3),
(22, 23, 3),
(23, 24, 3),
(24, 25, 3),
(25, 26, 3),
(26, 27, 3),
(27, 28, 4),
(28, 29, 4),
(29, 30, 4),
(30, 31, 4),
(31, 32, 4),
(32, 33, 4),
(33, 35, 1),
(34, 36, 1),
(35, 37, 1),
(36, 38, 1),
(37, 39, 2),
(38, 40, 2),
(39, 41, 2),
(40, 42, 2),
(41, 43, 2),
(42, 44, 2),
(43, 45, 2),
(44, 46, 2),
(45, 47, 2),
(46, 48, 2),
(47, 49, 3),
(48, 50, 3),
(49, 51, 3),
(50, 52, 3),
(51, 53, 3),
(52, 54, 3),
(53, 55, 3),
(54, 56, 3),
(55, 57, 3),
(56, 58, 4),
(57, 59, 4),
(58, 60, 4),
(59, 61, 4),
(60, 62, 4),
(61, 63, 4),
(62, 65, 1),
(63, 66, 1),
(64, 67, 1),
(65, 68, 2),
(66, 69, 2),
(67, 70, 2),
(68, 71, 2),
(69, 72, 2),
(70, 73, 2),
(71, 74, 2),
(72, 75, 2),
(73, 76, 2),
(74, 77, 2),
(75, 78, 2),
(76, 79, 2),
(77, 80, 3),
(78, 81, 3),
(79, 82, 3),
(80, 83, 3),
(81, 84, 3),
(82, 85, 3),
(83, 86, 3),
(84, 87, 3),
(85, 88, 3),
(86, 89, 4),
(87, 90, 4),
(88, 91, 4),
(89, 92, 4),
(90, 93, 4),
(91, 95, 1),
(92, 96, 1),
(93, 97, 1),
(94, 98, 1),
(95, 99, 2),
(96, 100, 2),
(97, 101, 2),
(98, 102, 2),
(99, 103, 2),
(100, 104, 2),
(101, 105, 2),
(102, 106, 2),
(103, 107, 2),
(104, 108, 3),
(105, 109, 3),
(106, 110, 3),
(107, 111, 3),
(108, 112, 3),
(109, 113, 3),
(110, 114, 3),
(111, 115, 3),
(112, 116, 3),
(113, 117, 4),
(114, 118, 4),
(115, 119, 4),
(116, 120, 4),
(117, 121, 4),
(118, 122, 4),
(119, 124, 1),
(120, 125, 1),
(121, 126, 1),
(122, 127, 2),
(123, 128, 2),
(124, 129, 2),
(125, 130, 2),
(126, 131, 2),
(127, 132, 2),
(128, 133, 2),
(129, 134, 2),
(130, 135, 2),
(131, 136, 3),
(132, 137, 3),
(133, 138, 3),
(134, 139, 3),
(135, 140, 3),
(136, 141, 3),
(137, 142, 3),
(138, 143, 3),
(139, 144, 3),
(140, 145, 3),
(141, 146, 4),
(142, 147, 4),
(143, 148, 4),
(144, 149, 4),
(145, 150, 4),
(146, 152, 1),
(147, 153, 1),
(148, 154, 1),
(149, 155, 1),
(150, 156, 2),
(151, 157, 2),
(152, 158, 2),
(153, 159, 2),
(154, 160, 2),
(155, 161, 2),
(156, 162, 2),
(157, 163, 2),
(158, 164, 2),
(159, 165, 2),
(160, 166, 3),
(161, 167, 3),
(162, 168, 3),
(163, 169, 3),
(164, 170, 3),
(165, 171, 3),
(166, 172, 3),
(167, 173, 3),
(168, 174, 3),
(169, 175, 3),
(170, 176, 3),
(171, 177, 3),
(172, 178, 4),
(173, 179, 4),
(174, 180, 4),
(175, 181, 4),
(176, 182, 4),
(177, 183, 4),
(178, 184, 4),
(179, 186, 1),
(180, 187, 1),
(181, 188, 1),
(182, 189, 1),
(183, 190, 1),
(184, 191, 1),
(185, 192, 2),
(186, 193, 2),
(187, 194, 2),
(188, 195, 2),
(189, 196, 2),
(190, 197, 2),
(191, 198, 2),
(192, 199, 2),
(193, 200, 2),
(194, 201, 2),
(195, 202, 2),
(196, 203, 3),
(197, 204, 3),
(198, 205, 3),
(199, 206, 3),
(200, 207, 3),
(201, 208, 3),
(202, 209, 3),
(203, 210, 3),
(204, 211, 3),
(205, 212, 3),
(206, 213, 3),
(207, 214, 3),
(208, 215, 3),
(209, 216, 3),
(210, 217, 3),
(211, 218, 4),
(212, 219, 4),
(213, 220, 4),
(214, 221, 4),
(215, 222, 4),
(216, 223, 4),
(217, 224, 4),
(218, 226, 1),
(219, 227, 1),
(220, 228, 1),
(221, 229, 1),
(222, 230, 1),
(223, 231, 2),
(224, 232, 2),
(225, 233, 2),
(226, 234, 2),
(227, 235, 2),
(228, 236, 2),
(229, 237, 2),
(230, 238, 2),
(231, 239, 2),
(232, 240, 3),
(233, 241, 3),
(234, 242, 3),
(235, 243, 3),
(236, 244, 3),
(237, 245, 3),
(238, 246, 3),
(239, 247, 3),
(240, 248, 3),
(241, 249, 3),
(242, 250, 3),
(243, 251, 3),
(244, 252, 4),
(245, 253, 4),
(246, 254, 4),
(247, 255, 4),
(248, 256, 4),
(249, 258, 1),
(250, 259, 1),
(251, 260, 1),
(252, 261, 1),
(253, 262, 2),
(254, 263, 2),
(255, 264, 2),
(256, 265, 2),
(257, 266, 2),
(258, 267, 2),
(259, 268, 2),
(260, 269, 2),
(261, 270, 3),
(262, 271, 3),
(263, 272, 3),
(264, 273, 3),
(265, 274, 3),
(266, 275, 3),
(267, 276, 3),
(268, 277, 3),
(269, 278, 3),
(270, 279, 4),
(271, 280, 4),
(272, 281, 4),
(273, 282, 4),
(274, 283, 4),
(275, 284, 4),
(276, 285, 4),
(277, 318, 1),
(278, 319, 1),
(279, 320, 1),
(280, 321, 1),
(281, 322, 2),
(282, 323, 2),
(283, 324, 2),
(284, 325, 2),
(285, 326, 2),
(286, 327, 2),
(287, 328, 2),
(288, 329, 2),
(289, 330, 2),
(290, 331, 2),
(291, 332, 3),
(292, 333, 3),
(293, 334, 3),
(294, 335, 3),
(295, 336, 3),
(296, 337, 3),
(297, 338, 3),
(298, 339, 3),
(299, 340, 3),
(300, 341, 4),
(301, 342, 4),
(302, 343, 4),
(303, 344, 4),
(304, 345, 4),
(305, 346, 4),
(306, 347, 4),
(307, 349, 1),
(308, 350, 1),
(309, 351, 1),
(310, 352, 1),
(311, 353, 2),
(312, 354, 2),
(313, 355, 2),
(314, 356, 2),
(315, 357, 2),
(316, 358, 2),
(317, 359, 2),
(318, 360, 2),
(319, 361, 3),
(320, 362, 3),
(321, 363, 3),
(322, 364, 3),
(323, 365, 3),
(324, 366, 3),
(325, 367, 3),
(326, 368, 3),
(327, 369, 3),
(328, 370, 4),
(329, 371, 4),
(330, 372, 4),
(331, 373, 4),
(332, 374, 4),
(333, 376, 1),
(334, 377, 1),
(335, 378, 1),
(336, 379, 2),
(337, 380, 2),
(338, 381, 2),
(339, 382, 2),
(340, 383, 2),
(341, 384, 2),
(342, 385, 2),
(343, 386, 2),
(344, 387, 2),
(345, 388, 2),
(346, 389, 2),
(347, 390, 3),
(348, 391, 3),
(349, 392, 3),
(350, 393, 3),
(351, 394, 3),
(352, 395, 3),
(353, 396, 3),
(354, 397, 3),
(355, 398, 3),
(356, 399, 4),
(357, 400, 4),
(358, 401, 4),
(359, 402, 4),
(360, 403, 4),
(361, 404, 4),
(362, 406, 1),
(363, 407, 1),
(364, 408, 1),
(365, 409, 2),
(366, 410, 2),
(367, 411, 2),
(368, 412, 2),
(369, 413, 2),
(370, 414, 2),
(371, 415, 2),
(372, 416, 2),
(373, 417, 2),
(374, 418, 3),
(375, 419, 3),
(376, 420, 3),
(377, 421, 3),
(378, 422, 3),
(379, 423, 3),
(380, 424, 3),
(381, 425, 3),
(382, 426, 3),
(383, 427, 3),
(384, 428, 3),
(385, 429, 4),
(386, 430, 4),
(387, 431, 4),
(388, 432, 4),
(389, 433, 4),
(390, 434, 4),
(391, 436, 1),
(392, 437, 1),
(393, 438, 1),
(394, 439, 1),
(395, 440, 1),
(396, 441, 2),
(397, 442, 2),
(398, 443, 2),
(399, 444, 2),
(400, 445, 2),
(401, 446, 2),
(402, 447, 2),
(403, 448, 2),
(404, 449, 2),
(405, 450, 2),
(406, 451, 2),
(407, 452, 3),
(408, 453, 3),
(409, 454, 3),
(410, 455, 3),
(411, 456, 3),
(412, 457, 3),
(413, 458, 3),
(414, 459, 3),
(415, 460, 3),
(416, 461, 4),
(417, 462, 4),
(418, 463, 4),
(419, 464, 4),
(420, 465, 4),
(421, 466, 4),
(422, 468, 1),
(423, 469, 1),
(424, 470, 1),
(425, 471, 1),
(426, 472, 1),
(427, 473, 2),
(428, 474, 2),
(429, 475, 2),
(430, 476, 2),
(431, 477, 2),
(432, 478, 2),
(433, 479, 2),
(434, 480, 2),
(435, 481, 2),
(436, 482, 3),
(437, 483, 3),
(438, 484, 3),
(439, 485, 3),
(440, 486, 3),
(441, 487, 3),
(442, 488, 3),
(443, 489, 3),
(444, 490, 4),
(445, 491, 4),
(446, 492, 4),
(447, 493, 4),
(448, 494, 4),
(449, 495, 4),
(450, 496, 4),
(451, 497, 4),
(452, 499, 1),
(453, 500, 1),
(454, 501, 1),
(455, 502, 1),
(456, 503, 2),
(457, 504, 2),
(458, 505, 2),
(459, 506, 2),
(460, 507, 2),
(461, 508, 2),
(462, 509, 2),
(463, 510, 2),
(464, 511, 3),
(465, 512, 3),
(466, 513, 3),
(467, 514, 3),
(468, 515, 3),
(469, 516, 3),
(470, 517, 3),
(471, 518, 3),
(472, 519, 3),
(473, 520, 3),
(474, 521, 3),
(475, 522, 3),
(476, 523, 3),
(477, 524, 4),
(478, 525, 4),
(479, 526, 4),
(480, 527, 4),
(481, 528, 4),
(482, 530, 1),
(483, 531, 1),
(484, 532, 1),
(485, 533, 1),
(486, 534, 2),
(487, 535, 2),
(488, 536, 2),
(489, 537, 2),
(490, 538, 2),
(491, 539, 2),
(492, 540, 2),
(493, 541, 2),
(494, 542, 2),
(495, 543, 3),
(496, 544, 3),
(497, 545, 3),
(498, 546, 3),
(499, 547, 3),
(500, 548, 3),
(501, 549, 3),
(502, 550, 3),
(503, 551, 3),
(504, 552, 3),
(505, 553, 3),
(506, 554, 4),
(507, 555, 4),
(508, 556, 4),
(509, 557, 4),
(510, 558, 4),
(511, 559, 1),
(512, 560, 1),
(513, 561, 1),
(514, 562, 1),
(515, 563, 2),
(516, 564, 2),
(517, 565, 2),
(518, 566, 2),
(519, 567, 2),
(520, 568, 2),
(521, 569, 2),
(522, 570, 2),
(523, 571, 2),
(524, 572, 2),
(525, 573, 2),
(526, 574, 2),
(527, 575, 3),
(528, 576, 3),
(529, 577, 3),
(530, 578, 3),
(531, 579, 3),
(532, 580, 3),
(533, 581, 3),
(534, 582, 4),
(535, 583, 4),
(536, 584, 4),
(537, 585, 4),
(538, 586, 4),
(539, 587, 4),
(540, 588, 4),
(541, 589, 1),
(542, 590, 1),
(543, 591, 1),
(544, 592, 1),
(545, 593, 1),
(546, 594, 2),
(547, 595, 2),
(548, 596, 2),
(549, 597, 2),
(550, 598, 2),
(551, 599, 2),
(552, 600, 2),
(553, 601, 2),
(554, 602, 2),
(555, 603, 2),
(556, 604, 2),
(557, 605, 3),
(558, 606, 3),
(559, 607, 3),
(560, 608, 3),
(561, 609, 3),
(562, 610, 3),
(563, 611, 3),
(564, 612, 4),
(565, 613, 4),
(566, 614, 4),
(567, 615, 4),
(568, 616, 4),
(569, 617, 4),
(570, 618, 4),
(571, 619, 1),
(572, 620, 1),
(573, 621, 2),
(574, 622, 2),
(575, 623, 2),
(576, 624, 2),
(577, 625, 2),
(578, 626, 2),
(579, 627, 2),
(580, 628, 2),
(581, 629, 2),
(582, 630, 2),
(583, 631, 2),
(584, 632, 2),
(585, 633, 2),
(586, 634, 2),
(587, 635, 2),
(588, 636, 3),
(589, 637, 3),
(590, 638, 3),
(591, 639, 3),
(592, 640, 3),
(593, 641, 4),
(594, 642, 4),
(595, 643, 4),
(596, 644, 1),
(597, 645, 1),
(598, 646, 1),
(599, 647, 2),
(600, 648, 2),
(601, 649, 2),
(602, 650, 2),
(603, 651, 2),
(604, 652, 2),
(605, 653, 2),
(606, 654, 2),
(607, 655, 2),
(608, 656, 2),
(609, 657, 2),
(610, 658, 3),
(611, 659, 3),
(612, 660, 3),
(613, 661, 3),
(614, 662, 3),
(615, 663, 3),
(616, 664, 3),
(617, 665, 4),
(618, 666, 4),
(619, 667, 4),
(620, 668, 4),
(621, 669, 4),
(622, 670, 4),
(623, 671, 3),
(624, 672, 1),
(625, 673, 1),
(626, 674, 1),
(627, 675, 2),
(628, 676, 2),
(629, 677, 2),
(630, 678, 2),
(631, 679, 2),
(632, 680, 2),
(633, 681, 2),
(634, 682, 2),
(635, 683, 2),
(636, 684, 2),
(637, 685, 2),
(638, 686, 3),
(639, 687, 3),
(640, 688, 3),
(641, 689, 3),
(642, 690, 3),
(643, 691, 3),
(644, 692, 3),
(645, 693, 3),
(646, 694, 3),
(647, 695, 3),
(648, 696, 4),
(649, 697, 4),
(650, 698, 4),
(651, 699, 4),
(652, 700, 1),
(653, 701, 1),
(654, 702, 1),
(655, 703, 2),
(656, 704, 2),
(657, 705, 2),
(658, 706, 2),
(659, 707, 2),
(660, 708, 2),
(661, 709, 2),
(662, 710, 2),
(663, 711, 2),
(664, 712, 3),
(665, 713, 3),
(666, 714, 3),
(667, 715, 3),
(668, 716, 3),
(669, 717, 3),
(670, 718, 3),
(671, 719, 4),
(672, 720, 4),
(673, 721, 4),
(674, 722, 4),
(675, 723, 1),
(676, 724, 1),
(677, 725, 2),
(678, 726, 2),
(679, 727, 2),
(680, 728, 2),
(681, 729, 2),
(682, 730, 2),
(683, 731, 2),
(684, 732, 2),
(685, 733, 2),
(686, 734, 2),
(687, 735, 2),
(688, 736, 2),
(689, 737, 2),
(690, 738, 2),
(691, 739, 2),
(692, 740, 3),
(693, 741, 3),
(694, 742, 3),
(695, 743, 3),
(696, 744, 3),
(697, 745, 3),
(698, 746, 3),
(699, 747, 3),
(700, 748, 3),
(701, 749, 4),
(702, 750, 4),
(703, 751, 4),
(704, 752, 4),
(705, 753, 4),
(706, 754, 2),
(707, 755, 3),
(708, 756, 4),
(709, 757, 1),
(710, 758, 1),
(711, 759, 1),
(712, 760, 2),
(713, 761, 2),
(714, 762, 2),
(715, 763, 2),
(716, 764, 2),
(717, 765, 2),
(718, 766, 2),
(719, 767, 2),
(720, 768, 2),
(721, 769, 2),
(722, 770, 2),
(723, 771, 2),
(724, 772, 2),
(725, 773, 2),
(726, 774, 2),
(727, 775, 2),
(728, 776, 2),
(729, 777, 3),
(730, 778, 3),
(731, 779, 3),
(732, 780, 3),
(733, 781, 3),
(734, 782, 4),
(735, 783, 4),
(736, 784, 4),
(737, 785, 4),
(738, 782, 1),
(739, 783, 1),
(740, 784, 1),
(741, 785, 1),
(742, 786, 1),
(743, 787, 2),
(744, 788, 2),
(745, 789, 2),
(746, 790, 2),
(747, 791, 2),
(748, 792, 2),
(749, 793, 2),
(750, 794, 2),
(751, 795, 2),
(752, 796, 2),
(753, 797, 2),
(754, 798, 2),
(755, 799, 2),
(756, 800, 2),
(757, 801, 2),
(758, 802, 2),
(759, 803, 2),
(760, 804, 2),
(761, 805, 2),
(762, 806, 2),
(763, 807, 3),
(764, 808, 3),
(765, 809, 3),
(766, 810, 3),
(767, 811, 3),
(768, 812, 3),
(769, 813, 4),
(770, 814, 4),
(771, 815, 4),
(772, 816, 4),
(773, 817, 4),
(774, 818, 4),
(775, 819, 4),
(776, 820, 1),
(777, 821, 1),
(778, 822, 1),
(779, 823, 2),
(780, 824, 2),
(781, 825, 2),
(782, 826, 2),
(783, 827, 2),
(784, 828, 2),
(785, 829, 2),
(786, 830, 2),
(787, 831, 2),
(788, 832, 2),
(789, 833, 2),
(790, 834, 2),
(791, 835, 2),
(792, 836, 3),
(793, 837, 3),
(794, 838, 3),
(795, 839, 3),
(796, 840, 3),
(797, 841, 3),
(798, 842, 3),
(799, 843, 3),
(800, 844, 4),
(801, 845, 4),
(802, 846, 4),
(803, 847, 4),
(804, 848, 4),
(805, 849, 1),
(806, 850, 1),
(807, 851, 2),
(808, 852, 2),
(809, 853, 2),
(810, 854, 2),
(811, 855, 2),
(812, 856, 2),
(813, 857, 2),
(814, 858, 2),
(815, 859, 2),
(816, 860, 2),
(817, 861, 2),
(818, 862, 2),
(819, 863, 3),
(820, 864, 3),
(821, 865, 3),
(822, 866, 3),
(823, 867, 3),
(824, 868, 3),
(825, 869, 3),
(826, 870, 3),
(827, 871, 4),
(828, 872, 4),
(829, 873, 4),
(830, 874, 4),
(831, 875, 4),
(832, 876, 4),
(833, 877, 4),
(834, 878, 1),
(835, 879, 1),
(836, 880, 2),
(837, 881, 2),
(838, 882, 2),
(839, 883, 2),
(840, 884, 2),
(841, 885, 2),
(842, 886, 2),
(843, 887, 2),
(844, 888, 2),
(845, 889, 3),
(846, 890, 3),
(847, 891, 3),
(848, 892, 3),
(849, 893, 3),
(850, 894, 3),
(851, 895, 3),
(852, 896, 3),
(853, 897, 3),
(854, 898, 4),
(855, 899, 4),
(856, 900, 4),
(857, 901, 4),
(858, 902, 4),
(859, 903, 1),
(860, 904, 1),
(861, 905, 1),
(862, 906, 1),
(863, 907, 2),
(864, 908, 2),
(865, 909, 2),
(866, 910, 2),
(867, 911, 2),
(868, 912, 2),
(869, 913, 2),
(870, 914, 2),
(871, 915, 2),
(872, 916, 2),
(873, 917, 2),
(874, 918, 2),
(875, 919, 2),
(876, 920, 3),
(877, 921, 3),
(878, 922, 3),
(879, 923, 3),
(880, 924, 3),
(881, 925, 3),
(882, 926, 3),
(883, 927, 3),
(884, 928, 3),
(885, 929, 4),
(886, 930, 4),
(887, 931, 4),
(888, 932, 4),
(889, 933, 1),
(890, 934, 1),
(891, 935, 1),
(892, 936, 2),
(893, 937, 2),
(894, 938, 2),
(895, 939, 2),
(896, 940, 2),
(897, 941, 2),
(898, 942, 2),
(899, 943, 2),
(900, 944, 2),
(901, 945, 2),
(902, 946, 2),
(903, 947, 3),
(904, 948, 3),
(905, 949, 3),
(906, 950, 3),
(907, 951, 3),
(908, 952, 3),
(909, 953, 3),
(910, 954, 3),
(911, 955, 3),
(912, 956, 3),
(913, 957, 3),
(914, 958, 4),
(915, 959, 4),
(916, 960, 4),
(917, 961, 4);

-- --------------------------------------------------------

--
-- Estructura de tabla para la tabla `paises`
--

CREATE TABLE `paises` (
  `Id` int(11) NOT NULL,
  `Nombre` varchar(30) DEFAULT NULL
) ENGINE=InnoDB DEFAULT CHARSET=utf8mb4 COLLATE=utf8mb4_general_ci;

--
-- Volcado de datos para la tabla `paises`
--

INSERT INTO `paises` (`Id`, `Nombre`) VALUES
(1, 'Republica checa'),
(2, 'Paises bajos'),
(3, 'Suiza'),
(4, 'Alemania'),
(5, 'Finlandia'),
(6, 'Francia'),
(7, 'Japón'),
(8, 'Dinamarca'),
(9, 'Inglaterra'),
(10, 'Polonia'),
(11, 'Jamaica'),
(12, 'Ghana'),
(13, 'Holanda'),
(14, 'Nigeria'),
(15, 'Brasil'),
(16, 'Italia'),
(17, 'Croacia'),
(18, 'Republica del congo'),
(19, 'Kosovo'),
(20, 'Republica Dominicana'),
(21, 'Belgica'),
(22, 'Turquia'),
(23, 'Bosnia y Herzegovina'),
(24, 'Malta'),
(25, 'Portugal'),
(26, 'Surinam'),
(27, 'Austria'),
(28, 'Estados unidos'),
(29, 'Túnez'),
(30, 'Hungria'),
(31, 'Africa Occidental'),
(32, 'Costa rica'),
(33, 'Serbia'),
(34, 'Ucrania'),
(35, 'Republica Eslovaca'),
(36, 'Grecia'),
(37, 'España'),
(38, 'Republica de Guinea'),
(39, 'Marruecos'),
(40, 'Luxemburgo');

-- --------------------------------------------------------

--
-- Estructura de tabla para la tabla `patrocinadores`
--

CREATE TABLE `patrocinadores` (
  `Id` int(11) NOT NULL,
  `Nombre` varchar(40) DEFAULT NULL
) ENGINE=InnoDB DEFAULT CHARSET=utf8mb4 COLLATE=utf8mb4_general_ci;

--
-- Volcado de datos para la tabla `patrocinadores`
--

INSERT INTO `patrocinadores` (`Id`, `Nombre`) VALUES
(1, 'Signal Iduna'),
(2, 'Allianz'),
(3, 'Merck'),
(4, 'Deutsche Bank'),
(5, 'RheinEnergie'),
(6, 'Red Bull'),
(7, 'Wohninvest'),
(8, 'Deutsche Telekom'),
(9, '1&1 Ionos'),
(10, 'Paramount+'),
(11, 'Jobrad'),
(12, 'Barmenia Versicherungen'),
(13, 'WWK'),
(14, 'Vonovia'),
(15, 'Matthäi'),
(16, 'HAIX'),
(17, 'MHP'),
(18, 'REWE'),
(19, 'Kömmerling'),
(20, 'Winamax'),
(21, 'Volkswagen'),
(22, 'Deutsche Postbank'),
(23, 'Allgäuer Latschenkiefer'),
(24, 'Coca cola'),
(25, 'Lotto Rheinland-Pfalz'),
(26, 'bfd buchholz'),
(27, '11teamsports'),
(28, 'Indeed'),
(29, 'Tetra pak'),
(30, 'Adidas'),
(31, 'Emirates airlines'),
(32, 'MEWA Textil-service'),
(33, 'Mercedes benz'),
(34, 'Veltin'),
(35, 'Amazon Web Services'),
(36, 'Derbystar'),
(37, 'EA Sports'),
(38, 'Milka'),
(39, 'Topps'),
(40, 'Craft'),
(41, 'Puma'),
(42, 'Nike'),
(43, 'SAP'),
(44, 'JAKO'),
(45, 'Flat ex');

-- --------------------------------------------------------

--
-- Estructura de tabla para la tabla `posiciones`
--

CREATE TABLE `posiciones` (
  `Id` int(5) NOT NULL,
  `Nombre` varchar(15) DEFAULT NULL
) ENGINE=InnoDB DEFAULT CHARSET=utf8mb4 COLLATE=utf8mb4_general_ci;

--
-- Volcado de datos para la tabla `posiciones`
--

INSERT INTO `posiciones` (`Id`, `Nombre`) VALUES
(1, 'Portero'),
(2, 'Defensa'),
(3, 'Centrocampista'),
(4, 'Delantero');

-- --------------------------------------------------------

--
-- Estructura de tabla para la tabla `temporadas`
--

CREATE TABLE `temporadas` (
  `Id` int(11) NOT NULL,
  `Fecha` date DEFAULT NULL,
  `Campeon` int(11) DEFAULT NULL,
  `Partidos_jugados_campeon` int(11) DEFAULT NULL,
  `Partidos_ganados_campeon` int(11) DEFAULT NULL,
  `Partidos_perdidos_campeon` int(11) DEFAULT NULL,
  `Partidos_empatados_campeon` int(11) DEFAULT NULL,
  `Subcampeon` int(11) DEFAULT NULL,
  `Partidos_jugados_subcampeon` int(11) DEFAULT NULL,
  `Partidos_ganados_subcampeon` int(11) DEFAULT NULL,
  `Partidos_perdidos_subcampeon` int(11) DEFAULT NULL,
  `Partidos_empatados_subcampeon` int(11) DEFAULT NULL,
  `Maximo_goleador` int(11) DEFAULT NULL,
  `Equipo_maximo_goleador` int(11) DEFAULT NULL,
  `Goles_maximo_goleador` int(11) DEFAULT NULL
) ENGINE=InnoDB DEFAULT CHARSET=utf8mb4 COLLATE=utf8mb4_general_ci;

--
-- Volcado de datos para la tabla `temporadas`
--

INSERT INTO `temporadas` (`Id`, `Fecha`, `Campeon`, `Partidos_jugados_campeon`, `Partidos_ganados_campeon`, `Partidos_perdidos_campeon`, `Partidos_empatados_campeon`, `Subcampeon`, `Partidos_jugados_subcampeon`, `Partidos_ganados_subcampeon`, `Partidos_perdidos_subcampeon`, `Partidos_empatados_subcampeon`, `Maximo_goleador`, `Equipo_maximo_goleador`, `Goles_maximo_goleador`) VALUES
(1, '1993-08-06', 16, 34, 17, 7, 10, 21, 34, 18, 9, 7, 617, 21, 18),
(2, '1993-08-06', 16, 34, 17, 7, 10, 21, 34, 18, 9, 7, 962, 22, 18),
(3, '1994-08-19', 6, 34, 20, 5, 9, 4, 34, 20, 6, 8, 661, 4, 20),
(4, '1994-08-19', 6, 34, 20, 5, 9, 4, 34, 20, 6, 8, 756, 15, 20),
(5, '1995-08-11', 6, 34, 19, 4, 11, 16, 34, 19, 10, 5, 778, 17, 17),
(6, '1996-08-16', 16, 34, 20, 3, 11, 13, 34, 21, 7, 6, 696, 13, 22),
(7, '1997-08-01', 21, 34, 19, 4, 11, 16, 34, 19, 6, 9, 696, 13, 22),
(8, '1998-08-14', 16, 34, 24, 4, 6, 13, 34, 17, 5, 12, 963, 24, 23),
(9, '1999-08-13', 16, 34, 22, 5, 7, 13, 34, 21, 3, 10, 964, 23, 19),
(10, '2000-08-11', 16, 34, 19, 9, 6, 19, 34, 18, 8, 8, 965, 25, 22),
(11, '2000-08-11', 16, 34, 19, 9, 6, 19, 34, 18, 8, 8, 751, 19, 22),
(12, '2001-06-28', 6, 34, 21, 6, 7, 13, 34, 21, 7, 6, 780, 6, 18),
(13, '2001-06-28', 6, 34, 21, 6, 7, 13, 34, 21, 7, 6, 964, 23, 18),
(14, '2002-08-09', 16, 34, 23, 5, 6, 17, 34, 17, 9, 8, 719, 16, 21),
(15, '2002-08-09', 16, 34, 23, 5, 6, 17, 34, 17, 9, 8, 966, 3, 21),
(16, '2003-08-01', 4, 34, 22, 4, 8, 16, 34, 20, 6, 8, 847, 4, 28),
(17, '2004-08-06', 16, 34, 24, 5, 5, 19, 34, 20, 11, 3, 967, 20, 24),
(18, '2005-08-05', 16, 34, 22, 3, 5, 4, 34, 21, 6, 7, 968, 4, 25),
(19, '2006-08-11', 17, 34, 21, 6, 7, 19, 34, 21, 8, 5, 969, 3, 20),
(20, '2007-08-10', 16, 34, 22, 2, 10, 4, 34, 20, 8, 6, 970, 16, 24),
(21, '2008-08-15', 18, 34, 21, 7, 6, 16, 34, 20, 7, 7, 971, 18, 28),
(22, '2009-08-07', 16, 34, 20, 4, 10, 19, 34, 19, 7, 8, 972, 18, 22),
(23, '2010-08-21', 6, 34, 23, 5, 6, 13, 34, 20, 6, 8, 973, 16, 28),
(24, '2011-08-05', 6, 34, 25, 3, 6, 16, 34, 23, 7, 4, 974, 19, 29),
(25, '2012-08-24', 16, 34, 29, 1, 4, 6, 34, 19, 6, 9, 929, 13, 25),
(26, '2013-08-09', 16, 34, 29, 3, 2, 6, 34, 22, 7, 5, 901, 6, 20),
(27, '2014-08-24', 16, 34, 25, 5, 4, 18, 34, 20, 5, 9, 975, 7, 19),
(28, '2015-08-14', 16, 34, 28, 2, 4, 6, 34, 24, 4, 6, 901, 16, 30),
(29, '2016-08-26', 16, 34, 25, 2, 7, 12, 34, 20, 7, 7, 976, 6, 31),
(30, '2017-08-18', 16, 34, 27, 4, 3, 19, 34, 18, 7, 9, 901, 16, 29),
(31, '2018-08-24', 16, 34, 24, 4, 6, 6, 34, 23, 4, 7, 901, 16, 22),
(32, '2019-08-14', 16, 34, 26, 4, 4, 6, 34, 21, 7, 4, 901, 16, 34),
(33, '2020-09-18', 16, 34, 24, 4, 6, 12, 34, 19, 7, 8, 901, 16, 41),
(34, '2021-08-13', 16, 34, 24, 5, 5, 6, 34, 22, 9, 5, 901, 16, 35),
(35, '2022-08-13', 16, 34, 21, 5, 8, 6, 34, 22, 7, 5, 179, 6, 16),
(36, '2022-08-13', 16, 34, 21, 5, 8, 6, 34, 22, 7, 5, 977, 12, 16);

--
-- Índices para tablas volcadas
--

--
-- Indices de la tabla `ciudad`
--
ALTER TABLE `ciudad`
  ADD PRIMARY KEY (`id`);

--
-- Indices de la tabla `equipos`
--
ALTER TABLE `equipos`
  ADD PRIMARY KEY (`id`);

--
-- Indices de la tabla `equipo_patrocinador`
--
ALTER TABLE `equipo_patrocinador`
  ADD PRIMARY KEY (`Id`);

--
-- Indices de la tabla `estadios`
--
ALTER TABLE `estadios`
  ADD PRIMARY KEY (`Id`);

--
-- Indices de la tabla `estadio_patrocinador`
--
ALTER TABLE `estadio_patrocinador`
  ADD PRIMARY KEY (`Id`);

--
-- Indices de la tabla `jugadores`
--
ALTER TABLE `jugadores`
  ADD PRIMARY KEY (`Id`);

--
-- Indices de la tabla `jugador_equipo`
--
ALTER TABLE `jugador_equipo`
  ADD PRIMARY KEY (`Id`);

--
-- Indices de la tabla `jugador_patrocinadores`
--
ALTER TABLE `jugador_patrocinadores`
  ADD PRIMARY KEY (`Id`);

--
-- Indices de la tabla `jugador_posiciones`
--
ALTER TABLE `jugador_posiciones`
  ADD PRIMARY KEY (`Id`);

--
-- Indices de la tabla `paises`
--
ALTER TABLE `paises`
  ADD PRIMARY KEY (`Id`);

--
-- Indices de la tabla `patrocinadores`
--
ALTER TABLE `patrocinadores`
  ADD PRIMARY KEY (`Id`);

--
-- Indices de la tabla `posiciones`
--
ALTER TABLE `posiciones`
  ADD PRIMARY KEY (`Id`);

--
-- Indices de la tabla `temporadas`
--
ALTER TABLE `temporadas`
  ADD PRIMARY KEY (`Id`);

--
-- AUTO_INCREMENT de las tablas volcadas
--

--
-- AUTO_INCREMENT de la tabla `ciudad`
--
ALTER TABLE `ciudad`
  MODIFY `id` int(11) NOT NULL AUTO_INCREMENT, AUTO_INCREMENT=23;

--
-- AUTO_INCREMENT de la tabla `equipos`
--
ALTER TABLE `equipos`
  MODIFY `id` int(11) NOT NULL AUTO_INCREMENT, AUTO_INCREMENT=26;

--
-- AUTO_INCREMENT de la tabla `equipo_patrocinador`
--
ALTER TABLE `equipo_patrocinador`
  MODIFY `Id` int(11) NOT NULL AUTO_INCREMENT, AUTO_INCREMENT=25;

--
-- AUTO_INCREMENT de la tabla `estadios`
--
ALTER TABLE `estadios`
  MODIFY `Id` int(11) NOT NULL AUTO_INCREMENT, AUTO_INCREMENT=25;

--
-- AUTO_INCREMENT de la tabla `estadio_patrocinador`
--
ALTER TABLE `estadio_patrocinador`
  MODIFY `Id` int(11) NOT NULL AUTO_INCREMENT, AUTO_INCREMENT=14;

--
-- AUTO_INCREMENT de la tabla `jugadores`
--
ALTER TABLE `jugadores`
  MODIFY `Id` int(11) NOT NULL AUTO_INCREMENT, AUTO_INCREMENT=978;

--
-- AUTO_INCREMENT de la tabla `jugador_equipo`
--
ALTER TABLE `jugador_equipo`
  MODIFY `Id` int(11) NOT NULL AUTO_INCREMENT, AUTO_INCREMENT=1755;

--
-- AUTO_INCREMENT de la tabla `jugador_patrocinadores`
--
ALTER TABLE `jugador_patrocinadores`
  MODIFY `Id` int(11) NOT NULL AUTO_INCREMENT, AUTO_INCREMENT=843;

--
-- AUTO_INCREMENT de la tabla `jugador_posiciones`
--
ALTER TABLE `jugador_posiciones`
  MODIFY `Id` int(11) NOT NULL AUTO_INCREMENT, AUTO_INCREMENT=918;

--
-- AUTO_INCREMENT de la tabla `paises`
--
ALTER TABLE `paises`
  MODIFY `Id` int(11) NOT NULL AUTO_INCREMENT, AUTO_INCREMENT=41;

--
-- AUTO_INCREMENT de la tabla `patrocinadores`
--
ALTER TABLE `patrocinadores`
  MODIFY `Id` int(11) NOT NULL AUTO_INCREMENT, AUTO_INCREMENT=46;

--
-- AUTO_INCREMENT de la tabla `posiciones`
--
ALTER TABLE `posiciones`
  MODIFY `Id` int(5) NOT NULL AUTO_INCREMENT, AUTO_INCREMENT=8;

--
-- AUTO_INCREMENT de la tabla `temporadas`
--
ALTER TABLE `temporadas`
  MODIFY `Id` int(11) NOT NULL AUTO_INCREMENT, AUTO_INCREMENT=37;
COMMIT;

/*!40101 SET CHARACTER_SET_CLIENT=@OLD_CHARACTER_SET_CLIENT */;
/*!40101 SET CHARACTER_SET_RESULTS=@OLD_CHARACTER_SET_RESULTS */;
/*!40101 SET COLLATION_CONNECTION=@OLD_COLLATION_CONNECTION */;
